,a_mean,a_std,a_range,a_median,a_skew,a_kurtosis,b_dominant_freq,b_total_power,b_band_power_low,b_band_power_mid,b_band_power_high,b_spectral_entropy,b_spectral_flatness,c_avg_time_between_peaks,c_std_time_between_peaks,c_avg_time_between_troughs,c_std_time_between_troughs,c_mean_peak_to_trough_time,c_mean_trough_to_peak_time,c_oscillation_rate,d_slope_magnitude,d_poly_mag_c0,d_poly_mag_c1,d_poly_mag_c2,d_poly_mag_c3,d_poly_peak_c0,d_poly_peak_c1,d_poly_peak_c2,d_poly_peak_c3,d_poly_trough_c0,d_poly_trough_c1,d_poly_trough_c2,d_poly_trough_c3,d_mean_magnitude,d_std_magnitude,d_initial_magnitude,d_final_magnitude,d_mean_peak_to_trough_magnitude,d_mean_trough_to_peak_magnitude,d_initial_peak_to_trough_magnitude,d_final_peak_to_trough_magnitude,d_initial_trough_to_peak_magnitude,d_final_trough_to_peak_magnitude,e_autocorr_lag1,e_autocorr_lagk,e_hurst_exponent,f_early_mean,f_late_mean,f_early_std,f_late_std,f_early_autocorr,f_late_autocorr,f_delta_mean,g_asymmetry_index,g_sharpness_index
Mov. 1 - Cell 10,0.5876757168297221,0.023740045115213465,0.12193178093285428,0.5884789003365748,0.09105243531164739,1.2335993978344568,1.0263157894736843,0.0005635897420723709,6.914141850210133e-34,1.1024919143361603e-07,0.00011094947281147286,0.8120796695523099,0.23771154770883302,2.909090909090909,0.899954085146515,2.9166666666666665,0.6400954789890507,1.5,1.4166666666666667,0.6578947368421053,0.0004419984253576415,0.13499086221989376,-0.022241543945347598,0.0012590914580404228,-1.9853077713669604e-05,0.6697341413930163,-0.013951508191496475,0.0007730578161559094,-1.2112052571706552e-05,0.5316357808332048,0.009462289290647631,-0.0005726716699709186,9.395495712897355e-06,0.04290213121204787,0.02893735589604445,0.06322222007979816,0.049677100986014966,0.041490898625492156,0.044313363798603594,0.04741755773654329,0.04854732936127911,0.05644930346222873,0.05080544432803943,-0.26724655589646273,0.2992873324241859,0.29854090579503384,0.5837360019367513,0.5874618916319058,0.028254228275435705,0.022328762838494484,-0.43246373959364315,-0.3161368383199418,0.0037258896951544163,0.9444444444444445,0.10668843369518877
Mov. 1 - Cell 10.1,0.5925269301380078,0.0318826441315769,0.1662676264506755,0.5862063450673021,0.7374945510235118,1.382178181331807,0.6315789473684211,0.0010165029968207742,1.4425802131919906e-33,4.2746359667136625e-06,0.00024061601200808658,0.8689776773874622,0.2690137328310751,3.090909090909091,1.5640591394622958,3.2,1.5362291495737217,1.7272727272727273,1.3636363636363635,0.6052631578947368,-0.002083272955739865,0.17178544500628742,-0.01827387349869614,0.0008532947712741765,-1.2896919831069365e-05,0.6726432300280331,-0.009249722054832047,0.0004647799393728003,-7.226293831403044e-06,0.5067168251335801,0.008350917918320166,-0.00036443663579258724,5.39463208274149e-06,0.052435180899566176,0.03988417947795341,0.1092647047899018,0.02878989461416015,0.054565976448192284,0.05030438535094008,0.09253412960147663,0.049112929315002773,0.07700233041590136,0.01919397721746252,-0.10439762458042849,0.08187070993249408,0.3732192870449594,0.5940201466505436,0.5923729703209994,0.03787856326823111,0.039961247242405476,-0.22430184550516805,0.14824296247032953,-0.0016471763295441422,0.7894736842105262,0.123388272227829
Mov. 1 - Cell 11,0.5891909744409936,0.025852387193979514,0.1270157532441657,0.5867842428994711,0.9519413954572588,1.490865366431108,0.7894736842105264,0.0006683459236274359,8.740841055080463e-33,2.991022268166784e-06,0.00013019921560397484,0.8533555904070527,0.27922818737651794,2.727272727272727,0.8624393618641035,2.75,0.82915619758885,1.4166666666666667,1.3333333333333333,0.6578947368421053,-0.000607506258656927,0.03337961093908335,0.0032828813025472035,-0.00024045729990674066,4.210544363177373e-06,0.5852970548831821,0.004556007809790752,-0.0002354195121424813,3.5149186954078906e-06,0.546611840298515,0.002132712708714029,-3.556494968646619e-05,-1.0398134272468578e-07,0.03711678282175818,0.021280482063974183,0.0423371561320105,0.03499935370207308,0.03598772533837804,0.038245840305138334,0.04064392697761813,0.03330541040632503,0.05419190263682416,0.031048009580920466,-0.18738756725915726,0.17616928225587353,0.481074807557545,0.5889860121132656,0.5905101325946256,0.03550806067773417,0.02069646347384574,-0.10597992913841896,-0.2494959238276056,0.0015241204813599696,0.9411764705882352,0.12701575324416559
Mov. 1 - Cell 11.1,0.593495354232286,0.04535962873553526,0.26587911157958793,0.5860867148522242,1.112810864945443,3.3865641431073126,1.2631578947368423,0.002057495919025596,5.33498599553251e-35,1.9472005460576973e-05,0.0001842276490462654,0.831288541280229,0.27694599093059097,2.9166666666666665,1.440968038815882,3.0,1.4770978917519928,1.5,1.4166666666666667,0.6578947368421053,0.00011760389391161322,0.1347668547645817,-0.0020971909343188173,-0.0004468869978967695,1.4376608142958884e-05,0.6436722077850848,0.0045473602004438025,-0.000620182946352854,1.4547245997042008e-05,0.5200401740385301,0.001734582340187895,0.00020548922495230008,-7.377740947927046e-06,0.07012371027020838,0.05407243696170521,0.11926372502354281,0.12475549585333827,0.06567791933440409,0.07456950120601269,0.10004315137646198,0.08128928223794761,0.08287318363378342,0.1337879557203794,-0.3992986653822615,0.19806057482306935,0.4522668429399094,0.5946286102803993,0.5923729703209994,0.04102807168078926,0.07126043688883074,-0.24481950802549807,-0.41175685176301474,-0.0022556399593998133,0.9444444444444445,0.26587911157958793
Mov. 1 - Cell 12,0.589701034243316,0.027997259541045743,0.16935005281075327,0.5935585877997519,-0.41239917835693035,2.6072951293101205,1.5,0.0007838465418086769,5.252320058211609e-33,4.604827109267257e-06,3.774870254271685e-05,0.7216725166365915,0.16431817160222112,2.4615384615384617,0.7457969011409737,2.4615384615384617,0.6343239424027171,1.3846153846153846,1.0714285714285714,0.7777777777777778,-0.001413663015244232,0.133130891123398,-0.015053515190964456,0.0007120043466554105,-1.080494980268431e-05,0.6400264805189786,-0.004723654472026279,0.00019596680722409014,-2.579509380024916e-06,0.48781890445550513,0.014131369378782071,-0.0007293254959427082,1.1782480018096045e-05,0.03876279929763403,0.028394909234406535,0.07677162402171561,0.015807518908677747,0.03621537162899872,0.04112826784708111,0.050241986798382876,0.0304838379099082,0.06604736328299353,0.02935478042652806,-0.6726693534998616,0.30721807556759034,0.41507557670698725,0.5871231743868918,0.5915262843296676,0.04434135446634248,0.017283867164403333,-0.6384574711612335,-0.6866859421156626,0.004403109942775818,0.7738095238095238,0.16935005281075327
Mov. 1 - Cell 12.1,0.5954442192351821,0.04849057287040191,0.29217894250936777,0.5894398516209398,0.8632147384701507,3.170679631147559,1.0263157894736843,0.002351335657299758,1.7946892888971363e-33,1.5633074365649517e-05,0.0002407142526207331,0.8655509688732924,0.3157327415492504,3.090909090909091,1.4431370787625042,3.090909090909091,1.443137078762504,1.5,1.5454545454545454,0.631578947368421,0.0007753561888170664,0.18936873546539776,-0.016563192555054864,0.0005290012646409112,-2.806941599915142e-06,0.688903618317871,-0.011262467320114555,0.0005403586056657521,-7.05950898668586e-06,0.5028053996214847,0.00568388289862501,-5.1970121229280994e-05,-2.653901272788912e-06,0.08554938775656006,0.06362285463735914,0.12926274525718442,0.16201153623946016,0.08765177036193311,0.08325587945978946,0.10755217315144953,0.10443317529385134,0.08874403685166761,0.0987878878769506,-0.3647869251444894,0.1458866742527353,0.3530343034730299,0.595237073910255,0.5854295881618216,0.04419456775984761,0.05320823706391174,-0.262464359418862,-0.6859393666031642,-0.009807485748433487,1.0303030303030303,0.19528373357934792
Mov. 1 - Cell 13.1,0.5955658784067155,0.03751397495992246,0.157707432309931,0.5896835332246224,0.14269470581924784,-0.2628477566932448,1.0263157894736843,0.0014072983172936891,2.4890910660756476e-32,2.3459956610719637e-05,0.0001953862059761888,0.7560125912866371,0.25520811122168985,3.1818181818181817,1.4024771473219555,3.3,1.4866068747318506,1.5454545454545454,1.6363636363636365,0.6052631578947368,-0.0013971544157913346,0.22134030575404162,-0.023362415698792608,0.0009805977792225293,-1.2324822288427554e-05,0.6888324311661573,-0.008666782738335304,0.0003134388618482357,-3.2429197946983303e-06,0.47287285492154985,0.013968181659717548,-0.0006403218093595442,8.807872439415198e-06,0.07202954255398555,0.04084904522991211,0.1392617654908277,0.06717570662501797,0.07369421085101356,0.07036487425695757,0.11506119492643647,0.09031888553956595,0.09461489006955122,0.07789996736374005,-0.33125434524199965,0.2933305147945128,0.4299756814784434,0.5958455375401106,0.5962681115174575,0.04737464528809421,0.04038302310902074,-0.27776934530262004,-0.5873479324358813,0.00042257397734690727,1.0588235294117647,0.1570733803170692
Mov. 1 - Cell 14.1,0.5920776657842881,0.03623397072312946,0.16830174968014922,0.5882650055646701,0.37359939601469294,0.4011238529813821,1.342105263157895,0.001312900634364603,7.682379833566814e-35,5.094532632241597e-06,0.00019268469732558658,0.8276420089874091,0.2778343867278807,2.9166666666666665,1.440968038815882,3.0,1.5954480704349312,1.5,1.4166666666666667,0.6578947368421053,-0.002864998674925469,0.21991922361416452,-0.02016988599464189,0.0007587246978011697,-9.445301227556083e-06,0.6999646749109038,-0.010978235433702284,0.00048011267535420934,-6.946991725016845e-06,0.4857734682235336,0.008623678208282425,-0.0002648063179592745,2.4720309410419113e-06,0.06074959720143617,0.043848162379240566,0.1492607857244687,0.04064392697761813,0.06413244336204113,0.05736675104083122,0.12257021670142187,0.039515583635593675,0.10048574328743332,0.035563525373085304,-0.3184266577600935,0.19629262824334404,0.36559224153812503,0.5964540011699664,0.5923729703209994,0.05056574192002818,0.03461621038011307,-0.29115069706974106,-0.06473723222487714,-0.004081030848966938,0.9444444444444445,0.16830174968014922
Mov. 1 - Cell 15,0.5891909744409936,0.02963390063592029,0.1320954407073427,0.5850906566744009,0.7549251619028989,0.36600409083728946,1.4210526315789476,0.0008781680668995971,9.86759009733693e-33,4.835373583965927e-06,0.00011308374514431343,0.8560853696279228,0.28064241351760466,2.727272727272727,0.7496555682941202,2.75,0.82915619758885,1.3333333333333333,1.4166666666666667,0.6578947368421053,-0.0007738151356173471,0.05553434094622863,0.0045628145592886945,-0.00045376254789675306,9.381044302675181e-06,0.6244541956593994,0.0005237177131680374,-0.00010589306059704812,2.407618223104013e-06,0.5559701197931368,-0.0016548603791876702,0.00021950418115700607,-4.874513061706694e-06,0.04904222932078728,0.025981174843962306,0.061529705066761475,0.05645073174494012,0.04854822203797374,0.049536236603600826,0.06773987829603012,0.05645144588629584,0.07620745235070336,0.049113643456358456,-0.2532278941362705,0.19665299470826517,0.44354551007201976,0.5903408810933218,0.5905101325946255,0.03789445721151362,0.027959065437967664,-0.13117931772956182,-0.2992612337827277,0.00016925150130364663,1.0625000000000002,0.12701575324416559
Mov. 1 - Cell 15.1,0.5934917704641111,0.03818206257283038,0.17953011904322885,0.5883574052914522,0.22403952716596306,0.1369291178844776,1.0263157894736843,0.0014578699023155347,7.940593155750587e-33,8.356668306438519e-06,0.00016632720834522624,0.7415609007232685,0.2233422409637531,3.1818181818181817,1.4658650451451907,3.3,1.4866068747318506,1.7272727272727273,1.4545454545454546,0.6052631578947368,-0.002337540194892463,0.23225959591374587,-0.02025236596819495,0.0006599237558564723,-5.94053419793355e-06,0.7024947816477807,-0.00960802877811093,0.00033143878538630903,-3.3899585019951433e-06,0.4777166376232733,0.00930349061594709,-0.0002592675543893283,1.506640013268329e-06,0.07267909645755234,0.04398314268446441,0.15925980595811143,0.06830547824975386,0.0750081083527978,0.07035008456230692,0.13007923847640995,0.07581324632235058,0.10635659650531813,0.06604736328299354,-0.3484753440005265,0.31348420936197213,0.36845274271152184,0.5970624647998221,0.5872924258881955,0.05376589568425575,0.03167417116257777,-0.30293599025153983,-0.3707333330380386,-0.009770038911626533,0.8421052631578948,0.17953011904322885
Mov. 1 - Cell 17,0.5900822792325024,0.022634159250440693,0.11007774856939623,0.5884789003365748,-0.1030613896730963,-0.030480448210655098,0.8684210526315791,0.00051230516497431,4.515532146618716e-33,4.399525481800402e-06,6.364801073594375e-05,0.8153147684321984,0.28998604800663175,2.8181818181818183,0.9359663764533636,2.8181818181818183,0.7158188976374373,1.5,1.3636363636363635,0.631578947368421,-0.0005922965328926424,0.1561005723425265,-0.02325585924732771,0.0013041354797038425,-2.1747966212904794e-05,0.6575019627354035,-0.011679588469469782,0.0007141433294551751,-1.25469373452937e-05,0.49933932620526594,0.011559963286975557,-0.0005652916129711972,8.437849409886958e-06,0.042484921293394436,0.023198508875761362,0.08015879647185602,0.03951486949423788,0.043890056510005465,0.040952046511636954,0.05814253261662106,0.02935478042652802,0.03951344121152652,0.02935478042652802,-0.2717920993889592,0.20084856784736044,0.3751493095321287,0.5944052737910837,0.5901714153496114,0.030626074392172336,0.013758100266166655,-0.2824543433595199,-0.40759756802065455,-0.004233858441472282,0.9090909090909091,0.09483654375579786
Mov. 1 - Cell 18,0.588344209518249,0.07195130867934392,0.32176424337080417,0.5918639303626482,-0.02689136553876773,-0.364223651021482,1.105263157894737,0.005176990820670232,3.0814879110195774e-33,9.125904531550686e-06,0.00041374790711128936,0.7539012441484565,0.14489497236930746,2.6153846153846154,0.737820234355803,2.6153846153846154,0.737820234355803,1.3076923076923077,1.2857142857142858,0.7368421052631579,-0.0032283232266721433,0.3121040667107572,-0.04334189171710858,0.0028728933492701814,-5.376220243191514e-05,0.7296381897486631,-0.01837678411357371,0.0011892882621199492,-2.191470602888672e-05,0.46005620137060815,0.015460777844795276,-0.001106711864567735,2.1734302849354026e-05,0.12757698900071548,0.0879737550782959,0.2139446097681684,0.03104729543956471,0.12896651275821774,0.1262867169401777,0.15636624882255945,0.03895069782322572,0.16426893706486478,0.03217706706430057,-0.5487959590276401,0.133708267746009,0.35212884288175944,0.5798410749826999,0.5908488498396396,0.07650938712243047,0.030831102319378724,-0.7770986098779525,-0.28836312880444903,0.011007774856939712,0.9831932773109244,0.32176424337080417
Mov. 1 - Cell 20,0.5883442095182488,0.023354180233542472,0.09991623121897497,0.5884767579125076,-0.2791099563780109,-0.21558748054689936,1.4210526315789476,0.0005454177343807858,3.764366118447739e-33,6.105432555940946e-07,4.830556135815873e-05,0.8070657644067684,0.24137601099067182,2.4285714285714284,0.6226998490772391,2.4285714285714284,0.6226998490772392,1.2,1.2142857142857142,0.7894736842105263,-0.0006568946470682373,0.0550331164446996,-0.0025533628866493954,0.00016126385137896985,-3.328997709453289e-06,0.6338778667432788,-0.004825837061513977,0.00027285596548401925,-4.745550265657431e-06,0.5824888502107523,-0.002813108546410393,0.0001333602274628317,-1.6688142234579268e-06,0.03842444952075819,0.020337761896449837,0.056450731744940086,0.02257829310218007,0.038611337850991544,0.038224212024079614,0.04798387183162256,0.028787038048737317,0.042338584414721825,0.027093094752989266,-0.5308952253119218,0.2443898904508182,0.2833646913129058,0.585260336660518,0.5896634466032937,0.029609336193617684,0.015922520038732065,-0.481811746960379,-0.637320738463548,0.004403109942775707,1.0119047619047619,0.09144937130565745
Mov. 1 - Cell 21,0.5870964730174656,0.026135881130960707,0.12871683795347078,0.5876326428300566,0.10944544672912697,-0.031266631938727585,1.5000000000000002,0.0006830842824917079,6.914141850210133e-34,4.076353778744443e-06,6.694790647953977e-05,0.7328611897825748,0.24275402790102057,2.125,0.33071891388307384,2.1333333333333333,0.3399346342395189,1.125,1.0,0.868421052631579,-0.0006322370193734354,0.0878747422877088,-0.009388732443764185,0.0005382245820386756,-9.304249339617237e-06,0.6557232398426694,-0.009435024883001632,0.0005044987843073044,-7.884768496994285e-06,0.5556576484473664,0.002062848080123522,-0.00013264911921214692,2.7736704439632754e-06,0.040904901009295974,0.01961736954160997,0.06380138871928027,0.024259381853525313,0.042440081754902395,0.039369720263689546,0.05870956085305612,0.025959038280119102,0.04007761288253875,0.02144566491202134,-0.6066387447513863,0.40648996287435124,0.3933732362280803,0.5883096488352713,0.5847532248838271,0.031488312911429735,0.025943112669478175,-0.7400352946313871,-0.07938384337732209,-0.0035564239514441764,0.8888888888888888,0.1033076885172497
Mov. 1 - Cell 23,0.5874975009750848,0.026185484240732894,0.1371751281705199,0.5927123302932336,-0.5005509271144944,0.834178086415394,1.1842105263157896,0.0006856795849216707,3.0814879110195774e-33,7.414239346779446e-07,0.00011867160117006263,0.7780718586196159,0.24248918490266072,2.75,0.924211375534118,2.8333333333333335,0.8975274678557507,1.3333333333333333,1.4615384615384615,0.6842105263157895,-0.0022774435455817786,0.10238129952511185,-0.0012230977000868832,-0.0002245397798054901,5.783009454794892e-06,0.6514711382240266,-0.004690192976816106,0.00012654997072305692,-8.460592990039042e-07,0.5448719964006822,-0.0030296854335098494,0.0003444652513632528,-6.742736757421214e-06,0.04640182020348746,0.03052052552917089,0.07959462480084385,0.034998639560717394,0.04515997837579977,0.04754813573673763,0.08693314137213697,0.02314532133861517,0.09032031382227738,0.02540272216401973,-0.44456548206166085,0.18359684484272382,0.3934250453304254,0.5818733784527842,0.5888167606119621,0.04150601977745334,0.015349961937004409,-0.47595329446830853,-0.6351567104874143,0.006943382159177891,1.0961538461538463,0.12362643836995812
Mov. 1 - Cell 24,0.5916420767125383,0.02022578701133796,0.1016108886560787,0.5901714153496115,-0.0289504440691765,0.26013213769828836,1.105263157894737,0.00040908246022800725,8.740841055080463e-33,1.249394989619149e-06,7.946987761231174e-05,0.8435146221922154,0.2790448016392393,3.1,0.8306623862918076,3.2,1.32664991614216,1.5,1.7272727272727273,0.5789473684210527,-0.0014508243523751359,0.03596843925837533,0.008176586386220257,-0.0006806071762519072,1.2988531504629583e-05,0.6168014727342275,0.0018227652927321376,-0.00018883231342071814,3.6744256240603313e-06,0.5706560476565359,-0.004352857674151502,0.00037796557608193315,-7.3625527851679935e-06,0.04104751886378882,0.025962914879909083,0.04967495856194781,0.030485980333975354,0.04115232420874919,0.04095224127746122,0.0705628790751583,0.027661551272135727,0.06661082081264998,0.031048723722276145,-0.418689937045756,0.17075551072320805,0.3131890239882262,0.5869537086431814,0.5935583735573452,0.023434413870068404,0.01406736480712402,-0.15338732016780401,-0.25222305964926006,0.0066046649141637825,1.1515151515151516,0.1016108886560787
Mov. 1 - Cell 25,0.5916420767125382,0.027154634371979822,0.12362429594589086,0.5960984315313405,-0.4136716910274933,0.055845624527502746,1.0263157894736843,0.0007373741678759078,3.0729519334267255e-34,9.030481455399033e-06,5.249093566006881e-05,0.8101966155387609,0.19972545507922,2.5833333333333335,0.6400954789890507,2.6153846153846154,0.737820234355803,1.0769230769230769,1.5384615384615385,0.7105263157894737,-0.0008617594371521864,0.18576202312386927,-0.022740996797520004,0.0011190466169983652,-1.6805064038887934e-05,0.687959340935625,-0.01059522460564592,0.00045165436036610334,-6.047022497873036e-06,0.5283831414084617,0.00784008741898333,-0.0004662634255173723,7.948161519888363e-06,0.052693579138590615,0.030656862841054025,0.10612497616553222,0.028789180472804394,0.05158627549958446,0.05380088277759677,0.0683047641083981,0.05023984437431572,0.0762074523507034,0.056449303462228685,-0.36591753528068244,0.17131805871720152,0.3561731707952822,0.5927116875660134,0.5964373630187613,0.033394304450570754,0.025515348410086274,-0.31290821749573694,-0.3450854571529365,0.003725675452747823,1.4285714285714288,0.10668843369518877
Mov. 1 - Cell 26,0.5901256137972574,0.022902467596005876,0.09822371620593828,0.5901714153496115,-0.15052054607311546,-0.0822656973168363,1.0540540540540542,0.000524523021986099,7.292929752887824e-34,2.5050467187126567e-06,2.062682853500909e-05,0.8190404832595966,0.17817121653235515,2.8181818181818183,0.9359663764533638,2.909090909090909,0.8999540851465149,1.5454545454545454,1.3333333333333333,0.6486486486486487,-0.0010071495752935395,0.10728002998986177,-0.008724610187686756,0.0003683073818249068,-5.189057380172529e-06,0.6642978635096228,-0.007829271213665015,0.0003428323905884749,-4.800344927396681e-06,0.528239688340883,0.00626387976061222,-0.00031146238904319147,4.95963179395919e-06,0.04277945802818928,0.025228439133027258,0.05927373252406828,0.033306838689036423,0.04233761058560046,0.04318448485056236,0.05475678844919204,0.04290204194437841,0.06435341998724538,0.03725746866883339,-0.3074065094927905,0.1578708394726474,0.34097921460806907,0.5942358080473733,0.5901714153496115,0.029828760405208068,0.01841175278603489,-0.28235281625545966,-0.4517891290357953,-0.0040643926977618205,0.8627450980392156,0.09483654375579786
Mov. 1 - Cell 7,0.5900822792325024,0.022634159250440693,0.11007774856939623,0.5884789003365748,-0.1030613896730963,-0.030480448210655098,0.8684210526315791,0.00051230516497431,4.515532146618716e-33,4.399525481800402e-06,6.364801073594375e-05,0.8153147684321984,0.28998604800663175,2.8181818181818183,0.9359663764533636,2.8181818181818183,0.7158188976374373,1.5,1.3636363636363635,0.631578947368421,-0.0005922965328926424,0.1561005723425265,-0.02325585924732771,0.0013041354797038425,-2.1747966212904794e-05,0.6575019627354035,-0.011679588469469782,0.0007141433294551751,-1.25469373452937e-05,0.49933932620526594,0.011559963286975557,-0.0005652916129711972,8.437849409886958e-06,0.042484921293394436,0.023198508875761362,0.08015879647185602,0.03951486949423788,0.043890056510005465,0.040952046511636954,0.05814253261662106,0.02935478042652802,0.03951344121152652,0.02935478042652802,-0.2717920993889592,0.20084856784736044,0.3751493095321287,0.5944052737910837,0.5901714153496114,0.030626074392172336,0.013758100266166655,-0.2824543433595199,-0.40759756802065455,-0.004233858441472282,0.9090909090909091,0.09483654375579786
Mov. 1 - Cell 7.1,0.5894314251861963,0.027248858867266395,0.14435108142509123,0.5884651252062083,-0.8848270160813978,2.258188673795339,1.342105263157895,0.0007425003095682023,2.1852102637701158e-33,5.5296312600524364e-05,0.0001800482743142157,0.8693173348450591,0.3026392736032831,2.9166666666666665,1.5523280008497633,3.0,1.5954480704349312,1.6666666666666667,1.25,0.6578947368421053,-0.001926429867190499,0.13650452685922654,-0.014186541497394605,0.0007113822711139749,-1.162403314449894e-05,0.6365327038731629,0.0005624831492615964,-0.00020006515314081988,4.452598233452504e-06,0.4979255564631839,0.015025229788392372,-0.0009263722043107408,1.63321462056497e-05,0.04354702309140376,0.03063786139431569,0.08926666432261617,0.009596631538053383,0.044820659986065665,0.04227338619674184,0.07751608605150169,0.011854746504813662,0.06526062398013399,0.01298380398819384,-0.10650683931118167,0.10011785254582274,0.5076171145114022,0.5928032193908322,0.5928811533097239,0.031650773502076096,0.015150963795120247,-0.1717079918064775,0.022804991596092568,7.793391889165946e-05,0.75,0.10093153350166784
Mov. 1 - Cell 9,0.5807234379727074,0.08585390077644467,0.377653660010155,0.5791636404926719,-0.23549439060575872,-0.011743797388661825,1.342105263157895,0.007370892278531608,1.5418109527088952e-32,3.52273040284272e-05,0.0005878026030676686,0.8303225793929424,0.26280327321672997,2.6363636363636362,0.77138921583987,2.8333333333333335,1.0671873729054746,1.5,1.3333333333333333,0.6578947368421053,-0.007560764064689638,0.3481884527787736,-0.011000440633714605,-0.0001651712350413661,8.42205979508599e-06,0.7353605960990709,0.0024510104602908384,-0.0006279919973443663,1.4342974084882642e-05,0.3915895176132354,0.012810399081507799,-0.00043386790035276305,5.439164163719104e-06,0.1698443278965752,0.09547115055464638,0.3008798935643722,0.1027392319981032,0.16426982974155935,0.17541882605159098,0.2771696864133892,0.13265746995428782,0.26023453830404275,0.11798115095305735,-0.4349882171148052,0.1885542884193291,0.35193008313712876,0.5884778291245413,0.5727284413222186,0.1065750600340987,0.029721357834422302,-0.2597211695803222,0.14187957827596787,-0.015749387802322712,0.8888888888888888,0.35902314032234905
Mov. 1 - Cell 9.1,0.5954803260577816,0.03596623407525368,0.1659607379365457,0.5924487837672953,-0.4951695338652448,0.35030992894686275,1.1842105263157896,0.0012935699935559385,5.33498599553251e-35,3.79035227974537e-05,0.00010501497182067905,0.8516343776436676,0.2439842942245488,3.0,1.4770978917519928,3.0,1.4770978917519928,1.5833333333333333,1.3636363636363635,0.631578947368421,-0.0005133638563983631,0.13814446105258163,-0.009961301014794805,0.00024100138309821644,5.247049264035174e-09,0.6580039479206745,-0.005388488417430078,0.0001712787124065307,-9.607222870009642e-07,0.5286406566576555,0.0024372195378395975,7.25654259731528e-05,-3.6830427436584723e-06,0.05812344486629857,0.042178507522797656,0.09926568455625902,0.05531953183749283,0.061019586752405576,0.05496401735418184,0.08502510782648864,0.10104386041964374,0.07113147719801642,0.06717356420095079,-0.2652049300392989,0.21041718438155405,0.4378509507431657,0.5934116830206879,0.602364593442897,0.03475066168785807,0.052889015510034054,-0.20022548337239224,-0.25776731394792807,0.008952910422209026,0.8612440191387559,0.1659607379365457
Mov. 1 - M,0.5899931431153936,0.06496441198140748,0.3116048684444501,0.590170344137578,0.2535476438756799,0.21072933962534046,1.105263157894737,0.00422037482409004,6.455333054594337e-33,3.4902090176785874e-06,0.0004456762066755628,0.8234455205514676,0.21206073476617027,2.6666666666666665,0.7453559924999299,2.6666666666666665,0.74535599249993,1.25,1.3846153846153846,0.6842105263157895,-0.0024535291310275507,0.15903760291865396,-0.0024878517878968026,0.00016258660445212233,-4.773441192237096e-06,0.7065050975594397,-0.00679895193332025,0.0002813209258367779,-4.35383380043251e-06,0.539968151400119,-0.0030419287940492705,5.8982477821362865e-05,1.2479059721958647e-06,0.12647029207667307,0.06020050090452184,0.12927101164550306,0.07282099404191862,0.1277177541968302,0.12531878858114343,0.1704791102941334,0.09144937130565751,0.1614473645684479,0.07903116727118731,-0.3836958387154795,0.20130999256510998,0.3845294617818955,0.5998243212264949,0.5839054676804617,0.08018012820440604,0.0372574807892219,-0.3984610538600697,-0.17073539723712128,-0.015918853546033174,1.1076923076923078,0.2997508360809922
Mov. 1 - N,0.5902605514667204,0.08815641579325087,0.44200350929062193,0.5927123302932336,0.09000188833699292,0.6201314378098441,1.5000000000000002,0.007771553645512531,1.4425802131919906e-33,1.7334468276709242e-05,0.0004345586707515465,0.7348788464997674,0.17538799190577575,2.4615384615384617,0.7457969011409736,2.3846153846153846,0.6249260311258431,1.1538461538461537,1.2857142857142858,0.7368421052631579,-0.007767385572915061,0.29012887055330067,0.006532714362526984,-0.0015571653118704072,3.689706000995137e-05,0.8405981904780041,-0.016209030386818566,0.0003233720138860382,-1.0665922263987088e-06,0.5762607710546248,-0.0271485679150896,0.002089868528778984,-4.085132464525085e-05,0.1563670423129547,0.11365882019609105,0.31894267087438744,0.13435141325003594,0.16140413154945216,0.15168974516477846,0.274911571446629,0.1185453226240696,0.25515413669951004,0.10556223277723148,-0.6567342799302305,0.44383027591039453,0.30227994932057695,0.6035502109216494,0.5803490437290176,0.11369292836521995,0.053154432220917584,-0.6517346327452223,-0.14996358673201113,-0.023201167192631766,1.1142857142857145,0.4030542397501077
Mov. 1 - O,0.5767644826081585,0.1103036104176172,0.6350637692523583,0.5850906566744007,-0.8816518170199357,3.159867033279917,1.25,0.012166886471161468,8.559688641721048e-35,0.00016127006384188174,0.0009833035127179057,0.8498131946422834,0.26024229343219796,2.75,0.5951190357119042,2.727272727272727,0.8624393618641035,1.3333333333333333,1.4166666666666667,0.6944444444444444,-0.005787663968408189,0.3354286448361963,-0.019096165571920235,0.0005130295469489616,-4.5230381815086425e-06,0.6707358394732096,0.013575900549806879,-0.0012651212031589516,2.5196216265679326e-05,0.42351151083333005,0.014598209880018878,-0.0007709086016885633,1.3195439608552455e-05,0.15686061317605085,0.11401637307762509,0.25515556498222136,0.07959462480084382,0.1531208334315278,0.1606003929205739,0.26757376901669155,0.08806077057280563,0.28450891712603804,0.11064120609905281,-0.42992532554072127,0.12613511299678623,0.39212295427333405,0.5998243212264949,0.5525755150923063,0.13119390354840332,0.13384841784860638,-0.7543113716560794,-0.2448939098566524,-0.04724880613418858,1.0625000000000002,0.49958329851894223
Mov. 1 - cell 16.1,0.5923209841273551,0.04213119530168974,0.2024944431345586,0.5884498050182331,-0.1512809217955228,0.7539954509851845,1.0263157894736843,0.001775037617549124,2.133994398213004e-34,2.7477235680388374e-05,0.00019104774215785445,0.8079301895289185,0.13746070438024743,3.090909090909091,1.443137078762504,3.2,1.469693845669907,1.4545454545454546,1.6363636363636365,0.6052631578947368,-0.002757044925538958,0.28088696065382424,-0.03265500845099871,0.0015010531820418465,-2.164835150340588e-05,0.7047769944104946,-0.00817230095707766,0.00018968472981374402,-4.991524234993672e-07,0.4306895316148154,0.023095897201191297,-0.0012367014640618675,1.996764461350097e-05,0.07585938385063444,0.05555957375749934,0.16925882619175311,0.028224294660436522,0.07790466931714336,0.07381409838412552,0.1375882602513961,0.07677233816307133,0.11222744972320092,0.07395005152529882,-0.32805459237319706,0.1839483513478198,0.38162325427666793,0.5976709284296777,0.5872924258881955,0.056973580408772005,0.0464287608980404,-0.3133852895476798,-0.28743589015590004,-0.010378502541482204,1.125,0.190758488406309
Mov. 2 - 15 (purple),0.5876518201381696,0.05739936970247595,0.2929764911807114,0.581704555436294,0.3047144082551455,0.41428511622503317,1.3902439024390245,0.003294687642241515,8.982326450919651e-35,5.297549183473271e-05,9.838040197451894e-05,0.7684381051215289,0.1798352450208582,2.8461538461538463,1.0262818510866412,2.769230769230769,1.3674145257408599,1.3571428571428572,1.4615384615384615,0.6829268292682927,-0.001456518256611383,0.15044605706753136,-0.01047264494331342,0.0007512405581457227,-1.4686849005498618e-05,0.6226149754889775,0.0042318413320727,-0.00012717654023901244,-6.038170583026723e-08,0.5004325880433367,0.009293430540873898,-0.0005929537440358309,1.0185266259131283e-05,0.1031160605868004,0.07077720744648171,0.09088448549328958,0.02145137804286697,0.10100580688740367,0.10538864149384307,0.10499734696486351,0.04798315769026688,0.15749673458865102,0.04233787027336614,-0.45062766735945853,0.14693451958361203,0.4113858467541616,0.5784862060026439,0.5734058758122467,0.054695128828310936,0.047535791013600184,-0.25935576756479506,-0.38878422832457704,-0.00508033019039722,1.0769230769230769,0.25233256420309325
Mov. 2 - 15 (white),0.5901300822413895,0.05283316973469188,0.230317014489214,0.5867842428994711,-0.2518915423107731,0.09952696535587213,1.3170731707317076,0.0027913438242147632,7.508491661829977e-33,1.5319784188895118e-05,0.00020420133205328647,0.7937540854805205,0.2226462554541908,2.9166666666666665,1.0374916331657276,2.8461538461538463,0.7692307692307693,1.3846153846153846,1.4615384615384615,0.6585365853658537,-0.0013877513018013803,0.16727835474341363,-0.006091693147841836,2.4653029165362978e-05,2.650782648125934e-06,0.6548189379593112,-0.0024611700772198234,9.099975676944178e-05,-9.817828121387747e-07,0.473384382668798,0.005329870291999547,3.637199280731176e-05,-4.0376728371246095e-06,0.09672459616542349,0.045592222713504785,0.13322092748394426,0.10951286275702833,0.0965292235706859,0.09691996876016108,0.12306012427487867,0.0920135429766697,0.1360439282630725,0.06604593500028207,-0.5087398315275995,0.23613167080822664,0.35745931512722373,0.5922035045772891,0.5837360019367515,0.06656900632222064,0.051085461340090954,-0.6052096728317405,-0.42892374480921286,-0.008467502640537639,1.0555555555555556,0.230317014489214
Mov. 2 - Cell 1,0.5868317219012383,0.08877545863573441,0.4243059910766358,0.585100029002082,-0.4698018498827113,0.6303884374516757,1.4634146341463417,0.007881082055984994,3.3894533893368236e-33,2.89377494497491e-05,0.00028640683345242313,0.8080312144484841,0.22198693635899872,3.0,0.816496580927726,3.0,0.816496580927726,1.5,1.4615384615384615,0.6341463414634146,-0.006400289806784811,0.021626019966229627,0.06145491657463933,-0.003872476700757868,6.142248507138963e-05,0.6247635070242555,0.02372968572205424,-0.001575339448909841,2.5513866554421543e-05,0.5850075461260866,-0.03435465284312224,0.0021305146938534842,-3.3494857764731166e-05,0.17235951733136964,0.11030052733074942,0.12396722182849913,0.08395961842021071,0.17439934161782042,0.17047660260541508,0.26427557744348235,0.05465827507892914,0.19609360543780782,0.06367407303009272,-0.5343149911367934,0.24246887313385365,0.323227093908608,0.5900023691380272,0.5815500585588113,0.1291239765715878,0.03313003865065101,-0.7740301208846015,-0.5355020958629482,-0.008452310579215916,0.9743589743589743,0.39556813510730193
Mov. 2 - Cell 11,0.584719155115735,0.08842567552025453,0.40982644222632125,0.5850917278864345,-0.11569691684515519,0.15701434007320048,0.9512195121951221,0.007819100091213343,1.2391944246574863e-33,4.883707612612567e-05,0.000848593000091854,0.7931144591519167,0.21641358664622384,3.3636363636363638,1.0679400113155209,3.3636363636363638,1.1499191491521379,1.75,1.5454545454545454,0.5853658536585366,-0.004461009435268834,0.018720014209158847,0.03984461933815955,-0.001898483055128396,2.2374199367831996e-05,0.658748393581174,0.0066009825632151195,-0.00020948570019172925,-7.951200758744363e-07,0.6358391090938472,-0.03218848830653174,0.0016257194558575588,-2.2082158210215656e-05,0.17207475047978654,0.10059595075225736,0.13378724157902352,0.03499935370207304,0.1696326742522761,0.17473883363707057,0.17273722526089355,0.04854732936127907,0.20717169315059872,0.07112776488752627,-0.37292631934127013,0.21580774193930774,0.40151635051839496,0.5588416770038627,0.5803490437290176,0.1011610231294599,0.029222772167150073,-0.14530425172987238,0.5138806058528745,0.021507366725154964,0.8831168831168831,0.40982644222632125
Mov. 2 - Cell 12,0.5904605380901836,0.04450990167300298,0.1845912576243517,0.5884789003365748,0.23586764513441263,-0.2074911789179712,1.3170731707317076,0.001981131346940394,3.5929305803678605e-34,1.3588872605619489e-05,0.0002196630501286917,0.8320061179124987,0.26238762424393786,2.8461538461538463,0.9483713850721502,2.8333333333333335,1.1426091000668408,1.3076923076923077,1.5384615384615385,0.6585365853658537,-0.00235356469426342,0.19976022072071709,-0.019649767449875306,0.0011263169111227038,-1.959647879766219e-05,0.6523715820496477,-0.004036784242460718,0.0003330529421570705,-7.005950022888553e-06,0.4663139057092284,0.012969325037860222,-0.000650290562406438,1.029862873624375e-05,0.0875415074062776,0.04475595737432831,0.13096352665853972,0.014113575612929733,0.0891047353669552,0.08597827944559998,0.1095135768983841,0.0321770670643006,0.11459397850291693,0.028225722943147957,-0.3060693881548891,0.1803249270662684,0.35864663179381007,0.581703698466667,0.5922037188196958,0.045105678470754286,0.017066749223760204,0.251061794990633,-0.14991211598144533,0.010500020353028772,1.1764705882352942,0.17951371258524174
Mov. 2 - Cell 13,0.5895931176142216,0.050200719458397956,0.21168863722547515,0.5833970704493306,0.3038440539087217,-0.5439215698401716,1.2439024390243905,0.002520112234140776,1.0558816399448406e-33,5.411890983850176e-05,0.00039318374655488586,0.8692313940679237,0.2960937620208977,3.1666666666666665,1.4043582955293932,3.1818181818181817,1.113404428537808,1.4166666666666667,1.75,0.6097560975609756,3.877624017692503e-05,0.07506251181219742,0.00820778097963748,-0.00041551746396799566,5.889047210847572e-06,0.6458040219027885,-0.004211568367454093,0.0003823146079130778,-7.56266333440457e-06,0.5524837794772376,-0.008150642221812093,0.0005497417855911657,-9.441181005723747e-06,0.11198334550944344,0.03525328890746354,0.09878860201830626,0.09427237208478571,0.11459415703825586,0.10937253398063107,0.09653048705154599,0.12419061004097032,0.09822371620593835,0.10217506032709105,-0.30990798183584,0.12518441537501235,0.3964573153609376,0.5842441849254758,0.5974535147538034,0.04520259414957445,0.05056798067737892,-0.07618945640578655,-0.6164208418593401,0.013209329828327565,1.2352941176470587,0.20491214990112716
Mov. 2 - Cell 14,0.5912453446039472,0.0673764588872162,0.32007172835776765,0.598638275262929,-0.2661153410747779,-0.29441389379286464,1.1707317073170733,0.004539587212180737,1.4520205677088684e-32,2.0134876549774294e-05,0.00033774713490358635,0.8093286357461722,0.2500688592096454,3.0,0.5773502691896257,3.0,0.9128709291752769,1.6923076923076923,1.3333333333333333,0.6341463414634146,-0.0022783587282555018,0.3092685146257986,-0.029750546770774943,0.0014900829914414675,-2.2771562517711965e-05,0.7194796361820623,-0.015658356557257922,0.0009468548499732757,-1.5998174074338865e-05,0.4277589884414947,0.0110758503220479,-0.0004050873414045873,4.931675422640738e-06,0.14178031155130788,0.06222194425222788,0.2376569593432185,0.0818541680503156,0.1423848442943869,0.14112540107963892,0.19080285913633177,0.13209329828327562,0.17386771102698528,0.14846284643889843,-0.38722514510692,0.31033219905406517,0.3531848757286865,0.6043968969129812,0.5795023577376858,0.07854403292751296,0.07088854561427235,-0.2591716470120869,-0.593216871153535,-0.024894539175295383,0.7878787878787878,0.27265559890393587
Mov. 2 - Cell 16,0.5908322747929543,0.07921275882681131,0.4674083738787087,0.5935585877997519,0.5411581864619893,2.0540226620407864,1.024390243902439,0.006274661160954575,4.692807288643736e-34,3.323725712368382e-05,0.00034488307130172005,0.7466203254035475,0.1702717766975349,2.5,0.5,2.466666666666667,0.498887651569859,1.2,1.2666666666666666,0.7560975609756098,-0.001240358320960418,0.04216775928795244,0.034561584555362776,-0.002325228586995573,4.062436160156462e-05,0.5926883886223564,0.01942281721011356,-0.0012724217565525987,2.2312514604607993e-05,0.5812822097826056,-0.021402066628261034,0.0013902473473560114,-2.3596237518824567e-05,0.1386416174444737,0.09508295443668983,0.09540000128545449,0.1603190212264235,0.14259317580803307,0.13469005908091436,0.15918853546033204,0.13378724157902366,0.1258824109126513,0.11064263438176425,-0.5208310563920635,0.19747233924583926,0.38865477354740613,0.5833972846917374,0.6008404729615371,0.07045417896750802,0.0724380522059847,-0.5372626817780886,-0.5648687107834548,0.017443188269799736,1.0555555555555556,0.4674083738787087
Mov. 2 - Cell 18,0.5839343486019717,0.05913675046712538,0.37087717268580705,0.5850917278864344,-1.5158774906412107,5.297533031293094,1.0975609756097562,0.003497155255811054,2.2455816127299127e-33,0.00024492956819719287,0.00030085897027145935,0.8523902340023906,0.27984267348774916,3.0,0.816496580927726,3.0833333333333335,0.9537935951882998,1.3846153846153846,1.6666666666666667,0.6341463414634146,0.000665086967839385,0.023943045511026627,0.01376492494401075,-0.0006900592571968633,1.025023403371144e-05,0.6130277939921122,-4.242556722754588e-05,0.00025222419536448094,-7.145678123600164e-06,0.5973921755654259,-0.017799873273353493,0.0012579248553304212,-2.361828859259932e-05,0.09578460925398653,0.06305513189244201,0.07959391065948822,0.1185453226240696,0.10304318154588424,0.08792115593776402,0.06322364836250964,0.12193178093285434,0.07620745235070343,0.0423371561320105,-0.1384004637743243,0.1565664645110167,0.45959206908013145,0.5833972846917374,0.5605350489865263,0.035109140174707384,0.07801949672451645,-0.22429096352516043,-0.054642389076512074,-0.022862235705211065,1.2037037037037037,0.25063790676598946
Mov. 2 - Cell 2,0.5812243353706366,0.08149466405476433,0.3583779685587521,0.5867904911179251,0.34768206083848946,0.04864087262666272,1.3902439024390245,0.0066413802693989004,8.228910905750676e-33,7.764753326204234e-05,0.0006033704102272709,0.7725680769565422,0.22775041602205476,2.8461538461538463,0.8634593969478326,2.8461538461538463,0.9483713850721502,1.5714285714285714,1.2307692307692308,0.6829268292682927,-0.005508783318286974,0.30235655139513784,-0.017241188881837382,0.0007009887802723459,-1.1414379714000991e-05,0.7601235916137302,-0.010727593340814594,0.000405289734756504,-6.480484390455915e-06,0.4304633105120435,0.01159720741278276,-0.0005519798056332882,8.72355312369526e-06,0.15176593217792023,0.08423754052394741,0.26483906481543007,0.03662667917660204,0.1544357890116725,0.14889070174157154,0.22201402454740304,0.06818197200567451,0.2129982265962395,0.06142012354230183,-0.5692831098297975,0.29455777013501844,0.34642090921618024,0.5719144244985052,0.5700549161710777,0.10586882561676227,0.033601097375081976,-0.6502141677035103,0.03950745399782288,-0.0018595083274274282,0.7832167832167832,0.3583779685587521
Mov. 2 - Cell 22,0.5887257493925052,0.09519597062109779,0.425069789463987,0.5969457602498924,0.2145405430347848,0.044147927565556966,1.3902439024390245,0.009062272822492915,2.933004555402335e-35,0.0001810486283128142,0.0002825413088761515,0.7904947812255232,0.2176759352334968,2.8333333333333335,0.7993052538854533,2.8461538461538463,1.0986812966989001,1.5384615384615385,1.3076923076923077,0.6585365853658537,-0.004329950096531128,0.20419686532556106,0.007106435217014286,-0.0002564914134018029,-8.845079282036512e-07,0.7094171929824413,0.0004362500495994983,-6.330758197142691e-05,-2.1938010872378393e-07,0.5251560583546827,-0.01146849366590499,0.0004732354433786289,-3.935690521871913e-06,0.19644660840262018,0.10146486204313791,0.30257383686012046,0.09257914293039342,0.19566495322181854,0.19722826358342183,0.22128526876352853,0.10499734696486356,0.2020927198287775,0.12193249507421004,-0.4267314801291969,0.1778257893250361,0.35596712809246717,0.5845826879280831,0.5855990539055319,0.10129689716808424,0.05612657893020188,-0.5413560641443316,-0.5394591941741923,0.0010163659774488076,0.85,0.3928927223996865
Mov. 2 - Cell 23,0.5912040114957251,0.09893137557325381,0.5385347104835236,0.5850917278864344,-0.09257408187080209,1.249350580213319,0.9512195121951221,0.0097874170728162,7.046543444354109e-33,6.528290155486001e-05,0.00036793363204888185,0.8152040426736331,0.21531368408824952,2.6923076923076925,0.7216024245882199,2.642857142857143,0.7178482586514923,1.0,1.6428571428571428,0.7073170731707317,-0.002395507783475828,-0.034762500370338414,0.04791229546742991,-0.002518601069229492,3.537644698886901e-05,0.5248632998950233,0.03292016006542687,-0.001722174944702735,2.4512449905849163e-05,0.5124840136170489,-0.007065153919459382,0.00044689159058120643,-6.500259002797098e-06,0.15162968077575337,0.12801298003300832,0.13491629906240385,0.07451565147902246,0.1486660196545984,0.15459334189690838,0.0688696499207661,0.10669200440196731,0.10725546193162387,0.10048254531405439,-0.48512777089741704,0.13515204973911846,0.38583682940956326,0.5866149913981673,0.600501755716523,0.07592322346239234,0.08054543778973831,-0.5184679230236757,-0.18529303949124235,0.013886764318355671,1.6428571428571428,0.5385347104835236
Mov. 2 - Cell 3,0.5908831888720718,0.04997239752125985,0.19947452966949408,0.5834095668862389,0.13877123623203996,-0.5569729821379044,1.342105263157895,0.002497240514022817,1.7946892888971363e-33,1.308159659160933e-05,0.00013334161962188403,0.7405960108637843,0.1783682073792583,2.75,0.924211375534118,2.8333333333333335,0.8975274678557508,1.4615384615384615,1.3333333333333333,0.6842105263157895,0.00019479719257630668,0.07507791101387185,0.004842158599621649,-0.0002833002788991065,4.7964766402820955e-06,0.6953100444455081,-0.01107165354300475,0.0006354738399237706,-1.0195345072756707e-05,0.5787809951879193,-0.007599239501926896,0.00045138151325739133,-7.310511608361484e-06,0.09879060604987487,0.045261674095811354,0.1031181890664334,0.10762608804201512,0.09960722928737448,0.09790593087591692,0.0788882320726813,0.10142772695059014,0.06311058565814505,0.10818957541396283,-0.4879249124653337,0.23256351320531796,0.31924884852921526,0.5854381214252505,0.5803667350777211,0.054535680750775306,0.047937642898744956,-0.3765748107152464,-0.5358684838838038,-0.005071386347529461,0.9122807017543859,0.1808794463952193
Mov. 2 - Cell 34,0.5872388025814224,0.09564855684179362,0.6062760170622652,0.5850895854623673,1.5342963684871618,6.640497466045012,1.3902439024390245,0.009148646425917829,6.821068719157555e-33,6.919278430183287e-05,0.00059656703813597,0.8488589524906159,0.2596144808597252,2.466666666666667,0.498887651569859,2.466666666666667,0.618241233033047,1.2,1.25,0.7804878048780488,-0.0045729865460763675,0.43928376251253076,-0.04865433817795901,0.002061151063811898,-2.723727951299681e-05,0.7809811124078213,-0.021211938045144912,0.0009178147601461905,-1.2091443104382222e-05,0.4079021387781041,0.014567846207167664,-0.0004703002228685859,4.893701124888142e-06,0.12515543804935472,0.13930522412976837,0.3296690740371768,0.07451493733766679,0.12419032438442802,0.1260602321102235,0.283379859642658,0.062095305020485214,0.2805575730048855,0.07169193655853856,-0.483245170544043,0.05179671036719493,0.4106868584933478,0.5832280331904336,0.5971147975087894,0.17020102378843027,0.03615086974964136,-0.5217813761425597,-0.7236404538485919,0.013886764318355782,1.0416666666666667,0.6062760170622652
Mov. 2 - Cell 36,0.5818278232015225,0.0906512630983677,0.4758730913679592,0.5833970704493305,0.055312439127942314,0.8953310012348386,0.9512195121951221,0.008217651501329483,8.084093805827685e-34,3.9185738047395265e-05,0.0006891875136271312,0.8092436223813474,0.17456576530190698,2.75,0.7216878364870323,2.9166666666666665,0.9537935951882998,1.4615384615384615,1.5,0.6341463414634146,-0.007401048125865876,0.34470901948149046,-0.010664749507985986,-2.7922869142792806e-05,3.241587181436567e-06,0.8203000558317455,-0.023959675085996644,0.001095657458108541,-1.6510710464694264e-05,0.4064502016675086,0.0005992206387353633,0.00036516935312105723,-7.568186457498325e-06,0.1576316787392263,0.11339511829740244,0.28450891712603815,0.08467574054673233,0.16348854536492322,0.15128673989472127,0.2737825139632489,0.07056287907515835,0.24668656264483677,0.06491830579961337,-0.28500792041184503,0.32689185340613597,0.36315475960545335,0.5713735723421622,0.5874618916319059,0.13382821176169366,0.03817121646448034,-0.18174735702943143,-0.13730007580404485,0.016088319289743636,1.0263157894736843,0.3945852374127229
Mov. 2 - Cell 4,0.5852649521353349,0.05500300851043038,0.2755453248824369,0.5952428016971409,0.06825171858307097,0.26859049238623234,1.024390243902439,0.0030253309451984778,2.2455816127299127e-33,9.214574010780269e-05,0.00026844598267710773,0.8387307742922666,0.29848171932651496,2.642857142857143,0.47915742374995485,2.6923076923076925,0.6056929133855238,1.2857142857142858,1.3571428571428572,0.7073170731707317,0.0002026144606922245,-0.014605322639444168,0.015433876514939384,-0.000419163598791447,1.2897323033933453e-06,0.6311039520275413,-0.0025763999089302605,0.0003365920154579347,-7.695893738534167e-06,0.6441538649359982,-0.017952255835593515,0.0007689513303656872,-9.455366798753997e-06,0.09557148319213356,0.05545952919867557,0.03662667917660197,0.0490234013594519,0.09708082436699352,0.09406214201727357,0.05296781296308595,0.07832474470073358,0.04620596449971326,0.061983610914249566,-0.42280158810758534,0.22930543386450702,0.39482226750516686,0.5879738145990153,0.579859596442968,0.04950514770619559,0.038714535112458835,-0.15896386469374127,-0.4125550534805239,-0.008114218156047293,1.0555555555555556,0.21976007505961226
Mov. 2 - Cell 5,0.5891744761530885,0.037437041124963676,0.15552251465757172,0.5969332638129842,-0.46438519056492344,-0.19471350499759987,0.6923076923076923,0.0014015320481922222,9.927212862587726e-33,8.456185426607993e-06,0.00013193812146142854,0.8530972090521401,0.28831326597726226,3.1818181818181817,0.9359663764533637,3.2,0.9797958971132713,1.5454545454545454,1.6363636363636365,0.5897435897435898,0.00029331244799944315,0.07140378865459607,-0.002718220857266008,0.0003177285074816757,-6.7951452887165e-06,0.5897711727785324,0.004073312878137748,-9.568907330940847e-05,1.3551733213166645e-07,0.5017850340169598,0.009710412434747925,-0.0005626415224155075,9.244497304030585e-06,0.07991275456713166,0.0395240343147987,0.07325335835320405,0.06480104777398817,0.07991275456713168,0.07991275456713168,0.051840838219190576,0.08283264367631533,0.06367407303009276,0.08283264367631533,-0.28607794429074096,0.20471239820945566,0.34554619170121925,0.587804768387431,0.5835786130978231,0.027343714613728278,0.038766170251972897,-0.29183611068643944,-0.5115157162144174,-0.004226155289607902,1.0588235294117647,0.1453797419625127
Mov. 2 - Cell C1,0.5892694126647123,0.04775009469825355,0.21180663046317355,0.5800853853275556,0.11789078042274286,-0.36424952834421154,1.3170731707317076,0.002280071543692182,2.4243115778247423e-32,8.421738571985492e-05,0.00012531978350291723,0.823785019717899,0.2262434366342893,3.0,1.0,3.0,0.816496580927726,1.3333333333333333,1.6923076923076923,0.6341463414634146,-0.002148664879950158,0.02199364120893422,0.022097394514206194,-0.0012159577895937406,1.7159746713837796e-05,0.5977221302416093,0.011159388988116109,-0.0005455608322626352,6.628611054239149e-06,0.5450782673526192,-0.004666541036960341,0.00033735117935745505,-5.454799998140025e-06,0.09561556460908978,0.04858149830096953,0.07228321515806724,0.04034412008822349,0.09595736895983725,0.09530005290070753,0.09021393519727765,0.059955845131109964,0.10198097022300952,0.04482680009802612,-0.4582479742828645,0.09261437944930834,0.43283034162086637,0.5868094053422594,0.5765552748198359,0.05350245727136906,0.022508525179921718,-0.46515301085883537,-0.12215405209437061,-0.010254130522423521,1.2692307692307694,0.2000395954374417
Mov. 2 - Cell C2,0.5907454170581837,0.05263636482339766,0.22861668049993333,0.5868094053422596,0.17358743595678633,-0.436085310361924,0.8048780487804879,0.0027705869018218154,1.4371722321471442e-33,3.552591947853065e-05,0.00015458984631671545,0.8246488505922477,0.2775110104224868,2.8461538461538463,0.8634593969478326,2.8333333333333335,0.9860132971832694,1.1538461538461537,1.6923076923076923,0.6585365853658537,-0.00016053522867938904,-0.010537082949950496,0.02449933783096508,-0.00124988515639815,1.8025060708121023e-05,0.5929724888812571,0.012377737963179656,-0.0006470355649962728,9.357300018660376e-06,0.5944571103255194,-0.010694250816322769,0.0005417971640030068,-7.942968415846874e-06,0.10305853753305817,0.04885997710936963,0.07900723517277104,0.10142063522178417,0.10215338099261725,0.10396369407349909,0.07620556016664441,0.06836087014948984,0.08629159018870029,0.08236924518012305,-0.36282817072519585,0.1643325550165913,0.3933942720527052,0.5876499078440975,0.5861370033407891,0.04416438771114502,0.041634662810728355,-0.26269467584208606,-0.347509128847157,-0.001512904503308432,1.4666666666666668,0.2067636154521456
Mov. 2 - Cell C3,0.5909504176683881,0.05461748738978204,0.23029768550360935,0.5935334253569634,0.09300143276575626,-0.5289219142254007,0.878048780487805,0.002983069928773001,6.599260249655253e-33,4.766091846395384e-05,0.0003399049463448134,0.8002003550003974,0.2391892507105265,3.0,1.4142135623730951,2.923076923076923,1.2064913185660093,1.4615384615384615,1.4615384615384615,0.6585365853658537,-0.002028379119120402,0.0019327470666850005,0.03945484601018177,-0.0024400825522927242,3.9332223267661976e-05,0.5701842791872657,0.024710298174959545,-0.0014780019979363471,2.3449461220089934e-05,0.5786923359509394,-0.016036522090877428,0.0009859228690108491,-1.5612617261542104e-05,0.11004117370217383,0.05749209288090151,0.07116254515561653,0.116549680254868,0.11133425447423227,0.10874809293011536,0.13504073529530383,0.09469661520708024,0.11711001525609334,0.09245527520217893,-0.2663692076830156,0.30349772126177715,0.39844725365135086,0.5979040383665211,0.5824387923327019,0.06232970705310579,0.041067471744818645,-0.45287888045154323,-0.5890959051001942,-0.015465246033819158,1.0,0.18154854039700574
Mov. 2 - Cell C4,0.5888594114443035,0.07015812170056204,0.3109859256800564,0.5884904103459355,0.08921544521916944,-0.3846709727061084,1.3902439024390245,0.004922162040550875,1.9447653330164607e-32,0.0001037158779535407,0.0003517625783958025,0.8550672863033141,0.281035953742105,2.8461538461538463,0.8634593969478327,2.9166666666666665,0.759202798262025,1.2307692307692308,1.6153846153846154,0.6585365853658537,0.000998618868121632,-0.03684724707210008,0.0259940985148666,-0.0009708636162892247,1.0076913604598473e-05,0.5999015953115583,0.01065497897109333,-0.0003953416051727388,3.5040739397159936e-06,0.6328727003765043,-0.01574392935192875,0.0006439239950309718,-8.270263067456835e-06,0.13881222088047424,0.06752113807120881,0.0689212051507152,0.10982566024016409,0.13810102645584207,0.1395234153051064,0.08629159018870032,0.10926532523893877,0.08292958018134837,0.11038599524138944,-0.43466679585511,0.16707235191998177,0.4450700258891279,0.591180018351817,0.5844559983371131,0.04697318761623566,0.05003186011113683,0.2144920854464421,-0.3867244649146575,-0.0067240200147038465,1.3125,0.3109859256800564
Mov. 2 - Cell C5,0.5900484149834888,0.05844483627224386,0.23534070051463735,0.5884904103459355,0.19357351822418362,-0.7897187472103249,1.2439024390243905,0.0034157988868893934,1.8771229154574943e-33,9.178870900757267e-05,0.000656527273919948,0.8632757190829737,0.2879694897594882,3.0,0.816496580927726,2.923076923076923,1.0714144828603167,1.3076923076923077,1.6153846153846154,0.6585365853658537,-0.0006269238076703924,0.13655696011229446,0.006353306993547616,-0.0007425413987751884,1.574161761435276e-05,0.6524114301931279,0.006297087804858986,-0.0005902869442069996,1.1676793901715528e-05,0.5136717104782338,0.0005839422640425081,0.00010376131298837217,-3.094749549877145e-06,0.1160539992922456,0.05246136421305303,0.1384027453026557,0.1563334653418662,0.11534280486761345,0.11676519371687773,0.15465246033819022,0.14680777032103565,0.15969547534921816,0.13952341530510637,-0.28311293524393566,0.16345707237756557,0.3504013105370682,0.5923567218543903,0.5911800183518171,0.06351463356592062,0.06045638152076216,-0.11020446760669955,-0.8028018307768432,-0.001176703502573151,1.2352941176470589,0.18322954540068198
Mov. 2 - P,0.5895931176142216,0.019616553221646644,0.08975685629262087,0.5867842428994711,0.22538042533456262,-0.2929006949313866,0.8048780487804879,0.0003848091602976954,8.872338780092064e-34,2.1586376399449896e-06,3.274009149490096e-05,0.7186397896315913,0.2317106894826424,2.8333333333333335,1.0671873729054748,2.923076923076923,0.9166442529086911,1.5384615384615385,1.3846153846153846,0.6585365853658537,-0.00036540639302801614,0.04626819283468325,0.0007938945770688576,-0.00014293886141171055,3.3017370622137035e-06,0.6165219362015417,-0.00020132775685060194,-4.168216460902415e-05,1.165902692835515e-06,0.5736103930578434,-0.0015761227122009181,0.00012606410021488978,-2.40488978051723e-06,0.037387607197424226,0.020359301078576822,0.04346549947403492,0.04007975530660587,0.037908710651291984,0.03686650374355646,0.04516015691113873,0.03725746866883336,0.04064392697761813,0.04233858441472186,-0.2715224152864271,0.4544721204225746,0.3282495691046894,0.5857683054068357,0.590001949605901,0.019087604796950163,0.017801071722808696,-0.4573363759954221,-0.20047736127004803,0.004233644199065356,0.8999999999999999,0.07451350905495535
Mov. 2 - R,0.5895105559062687,0.027273133427292255,0.13547832830934892,0.5884789003365748,0.7933553923416812,0.934522773642994,1.024390243902439,0.0007438238069428863,5.939334224689728e-34,2.226387208525455e-06,5.2955852567784935e-05,0.8673554011352512,0.2850653046164076,2.466666666666667,0.7180219742846006,2.466666666666667,0.618241233033047,1.2666666666666666,1.1875,0.7804878048780488,-0.0012429388356459507,0.03177323277130521,0.007972756296542262,-0.0005030679337898235,7.654663163982116e-06,0.618830773949138,0.0012182636280614668,-9.459825968043891e-05,1.301688406366566e-06,0.5815846470473088,-0.005576096137001224,0.0003385663500656369,-5.1484451868263034e-06,0.043867169431395826,0.030517064514006115,0.03274266701802423,0.027096665459767855,0.044708391089515485,0.043078524126908636,0.06830476410839807,0.02427366468063963,0.0660473632829935,0.01862909140509461,-0.35236355641672795,0.17508633832595932,0.3634228052891998,0.5896634466032938,0.5867844571418777,0.035215226308880514,0.016575781363864645,-0.5159322197363257,-0.11482232230512088,-0.0028789894614161815,0.9375,0.13378581329631223
Mov. 2 - S,0.5877343818461226,0.024558563938031144,0.11515743603257345,0.5850917278864344,0.8929548497310593,1.3329713773315577,1.2439024390243905,0.0006031230626983642,3.233637522331074e-33,2.814217660723499e-05,2.5551522031377022e-05,0.80096447665546,0.26361465191583566,2.8461538461538463,0.8634593969478326,2.8461538461538463,0.8634593969478327,1.3846153846153846,1.4285714285714286,0.6829268292682927,-0.0008010749980789583,0.13939187855551752,-0.021646666161174468,0.0012570656085691542,-2.074091474519578e-05,0.675214320970618,-0.014657617674557089,0.0008442634796079612,-1.3710868265267092e-05,0.5402210113254722,0.005897160476891442,-0.0003418259209827146,5.7509333090603976e-06,0.044533220149863356,0.029544508620528785,0.09088448549328965,0.01072711730414492,0.04520382940173798,0.04391051155883695,0.06153041920811723,0.044596699381482176,0.07169193655853856,0.016371690579689974,-0.40857697233908374,0.1682025797740141,0.387501858820816,0.5878003946345133,0.5906793840959291,0.03083116115845123,0.026830899830729213,-0.5284026542380889,-0.2056473696316537,0.0028789894614158484,1.0317460317460319,0.10499591868215219
Mov. 2 - T,0.5900061874252144,0.02546934021292861,0.12193178093285417,0.5901714153496115,0.4745379732494008,0.2558770490545257,1.2439024390243905,0.0006486872908819022,2.6397040998621016e-34,3.4195114459422068e-06,2.165617492166145e-05,0.737605452238731,0.182465100763035,2.8333333333333335,0.6871842709362768,3.0833333333333335,1.2555432644432802,1.3076923076923077,1.75,0.6341463414634146,-0.001859373201443993,0.0764316006104738,-0.0009862754736450607,3.5398620001848495e-05,-1.745255696180348e-06,0.6395603161173885,-0.0035470163132172616,0.0002076545733101801,-4.270717360644511e-06,0.5583845679631952,-0.0016089070533329614,0.00011953704606960538,-1.648960218488295e-06,0.050805015843225956,0.0286516067330009,0.06886964992076594,0.012419632317181573,0.05119585991381191,0.05038160143342451,0.07903116727118727,0.019193977217462483,0.06774059243738584,0.018064919734082346,-0.5608232920938632,0.3184971295365631,0.27293133615008086,0.5889860121132656,0.5908486355972329,0.032786594674354436,0.009435047638779944,-0.5025770535982955,-0.3536169607165871,0.0018626234839672628,1.338235294117647,0.09991837364304212
Mov. 2 - U,0.5894692227980466,0.018682698711172376,0.08128785395523619,0.5901714153496115,-0.12348043126820821,-0.6727950032297878,1.1707317073170733,0.00034904323113244207,3.5929305803678605e-34,8.379109022572292e-06,4.8152182032461406e-05,0.8896787836509729,0.35584235435390343,2.9166666666666665,0.9537935951882996,2.923076923076923,0.9166442529086912,1.3846153846153846,1.5384615384615385,0.6585365853658537,-0.0010066123556767004,0.0728636127520124,-0.004807977986167686,0.00016420841936732488,-1.9313961323186714e-06,0.6247695776970694,-0.0028652345618901676,0.0001464137846834769,-2.5263047583867734e-06,0.5562684020414423,0.0011744059710417061,1.9019253831560356e-05,-1.111729657652988e-06,0.03224166939001729,0.018524743285189393,0.06774059243738588,0.03161146711057694,0.032306766121287925,0.032176572658746655,0.04572432858215092,0.023143893055903697,0.053627730965811936,0.017499319780358718,-0.32291786749306184,0.16793351113970112,0.4327265831914294,0.5869537086431815,0.5869537086431815,0.024487851145279103,0.01910641403877837,-0.4544567670133983,-0.322726940517069,0.0,1.1111111111111112,0.07620816649205908
Mov. 2 - V,0.590975842026219,0.01949727195006406,0.08128785395523619,0.5893251578430931,0.17444856417724083,-0.4527020150233252,1.0500000000000003,0.0003801436134947547,3.081487911019578e-35,4.023512936920949e-06,7.269575500004548e-05,0.8155698838950065,0.22141908354487652,2.6923076923076925,0.7216024245882199,2.6923076923076925,0.7216024245882199,1.4615384615384615,1.2142857142857142,0.7,-0.0009063461482023858,0.09584315135104947,-0.008932212085553962,0.0003901359031812448,-5.539965931085186e-06,0.6538040405653611,-0.007687173834620722,0.000365089225827456,-5.1836172650988115e-06,0.5535946397713145,0.0018828604255787741,-4.660998273569491e-05,5.11952360149688e-07,0.032427492633036785,0.019252002312921433,0.059270875958645476,0.02032517712490974,0.03152527574233757,0.033265265460114636,0.05136747357498447,0.017501462204425833,0.052496531058364604,0.02258186380895862,-0.1818475846885928,0.0485310341109384,0.44089452843782545,0.5910181013409432,0.5905101325946255,0.023832170491530438,0.01671014056578608,-0.1823792877665957,-0.4179167856106477,-0.0005079687463177551,0.8308270676691729,0.07959319651813235
Mov. 2 - W,0.5905018711984057,0.022908564432917635,0.08975471386855371,0.5884767579125076,0.12398395363691819,-0.8204185844982548,1.1707317073170733,0.000524802324377139,5.939334224689728e-34,3.704538144488856e-06,0.00012589570772808203,0.8605642242634326,0.2986969540502451,2.9166666666666665,0.9537935951882998,2.9166666666666665,1.3202482931462383,1.3333333333333333,1.5384615384615385,0.6341463414634146,-0.0004236342957703033,0.028983930668675623,0.0039046385277027324,-0.00021969737809358106,3.171856486719016e-06,0.5944719466117973,0.0020987653774171863,-7.64422894737971e-05,7.399114024630033e-07,0.5602834523995159,-0.0006146852290405523,7.202339292557126e-05,-1.1993105283852528e-06,0.04023806616234007,0.018552925813174193,0.0400797553066059,0.036126982902741855,0.04022115529503681,0.04025367619369691,0.04459527109877074,0.038950697823225765,0.04177298446099823,0.0270959513184121,-0.1141831623814039,0.1344122393047375,0.38835606071607776,0.5962681115174575,0.58305878168913,0.02529187947122691,0.016433065990821293,0.03580870851072912,-0.17526511046389653,-0.013209329828327565,1.153846153846154,0.07282099404191866
Mov. 2 - X,0.5897996786468408,0.023731301058846715,0.10838523355635965,0.5884789003365748,0.11590989900173722,-0.17894862413527957,0.5853658536585367,0.0005631746499456194,7.332511388505837e-36,2.7512570482397928e-06,8.447694732903044e-05,0.830726532092144,0.2803208171771877,3.5,1.2041594578792296,3.3636363636363638,1.2264306875665492,1.9090909090909092,1.4545454545454546,0.5609756097560976,-0.000529409645605312,0.014939706795974143,0.008795466682855895,-0.00040878690774650374,4.918315345444176e-06,0.6017411390516767,0.0016790561453988518,-1.0314754379652602e-05,-8.327579806817233e-07,0.5807781986724884,-0.005933416902088604,0.0003335045296655864,-4.716685702783887e-06,0.05049703264528411,0.024577048043438597,0.03951558363559371,0.031045153015497595,0.05003514549299223,0.05095891979757599,0.054192616778179846,0.032739096311245684,0.04290275608573413,0.039513441211526557,-0.09936982415808372,0.2903353880140116,0.41095043617683036,0.5949132425374014,0.5893247293582797,0.022515577185416896,0.019118178788827787,0.18654926761242355,-0.21945628014100485,-0.005588513179121679,0.7619047619047619,0.08298465381640707
Mov. 2 - Y,0.588271398727536,0.022890118499306687,0.09483654375579798,0.5833970704493306,0.9959115072077686,0.36456204878000475,1.4634146341463417,0.0005239575249123026,6.599260249655254e-35,1.1112652518408418e-05,3.404179845182651e-05,0.7748098260469742,0.2727414875578365,2.6923076923076925,0.910166120476864,2.7142857142857144,1.0301575072754257,1.2857142857142858,1.4285714285714286,0.7073170731707317,-0.0012867557905778162,0.05460953342688023,0.0031028760781305694,-0.0003232482120894312,6.118204627853755e-06,0.6208037771010485,0.002388060971789473,-0.00024338504256784634,4.5391425135205134e-06,0.5668531302849987,-0.0007231460967462716,7.444846159938506e-05,-1.4019633631933588e-06,0.042216389727749944,0.025467096604448996,0.05306427343615542,0.03782092619848983,0.042095419283102065,0.04233736017239781,0.06717642076637369,0.030481695485841082,0.06548319161198131,0.029352638002460907,-0.42664941106196813,0.5018335706552821,0.3795857020794303,0.5884778291245413,0.5879698603782234,0.030018856267005956,0.01384188632348622,-0.632719900228973,-0.004172619395891448,-0.0005079687463178661,1.1111111111111112,0.09314402874276129
Mov. 2 - Z,0.5895518367602451,0.01666350414670172,0.07112847902888209,0.5901714153496115,0.16633637324854122,-0.5114557931375874,1.3902439024390245,0.0002776723704471454,1.173201822160934e-34,6.534632855333206e-06,3.6693917014253976e-05,0.781617705359349,0.24015353550666474,2.466666666666667,0.618241233033047,2.4,0.6110100926607788,1.1875,1.2666666666666666,0.7804878048780488,-0.00038891345959331204,0.04984040051807816,-0.002236859527661641,6.676751869497877e-05,-6.059939171032951e-07,0.6142379873312546,-0.000721697369980127,-1.4246116132597358e-07,2.7811160071055643e-07,0.5702621219223284,0.00045841361884783833,-1.3927305820668854e-05,9.975460386178522e-08,0.029882047115222545,0.014348344263962953,0.04120952693134176,0.028224294660436522,0.029953766488631232,0.029805546450253278,0.040645355260329565,0.024837122210296065,0.04798315769026695,0.027095951318412064,-0.36346270491544624,0.3339518194187228,0.4024217539725036,0.590001949605901,0.588478043366948,0.017623455425814654,0.014724772360288503,-0.29126733102693464,-0.7023838438588997,-0.0015239062389530433,1.0666666666666667,0.06266161911556456
Mov. 3 - Cell 1,0.5886257456528431,0.054171852198018275,0.308251974779384,0.5901714153496115,-0.031033706370797363,1.2151651091826112,1.0,0.0029345895705639364,2.034263503759018e-33,7.018341744789705e-06,0.00017149654644518986,0.8124525206902903,0.20801203954869915,3.0,1.0954451150103321,2.9285714285714284,1.099628879881475,1.6,1.4,0.6458333333333334,-0.002534339090271079,0.20061078586724984,-0.010504263636448338,0.00028041043703215784,-2.6947135050466465e-06,0.7188422534825455,-0.009066254045013853,0.00024533847645907147,-1.988813330741987e-06,0.49619600190843227,0.004389261343382367,-0.00012905820517255588,1.4597889311450867e-06,0.08896701595320373,0.05409752296727716,0.15825372442570537,0.06815765098912145,0.09198854802921981,0.08594548387718765,0.17528599575942863,0.04177012789557536,0.14617045268706397,0.05715987411116178,-0.47200334661097154,0.1948160661920083,0.39059060264950174,0.5829171674582924,0.5896765153901032,0.09021761188358704,0.03188562397602997,-0.5040485626422747,-0.342492717773979,0.006759347931810877,0.8749999999999999,0.308251974779384
Mov. 3 - Cell 10,0.583577346507813,0.06441114439992975,0.28519520696887707,0.5819295099633431,0.10457940889211335,-0.6165061102405329,1.0625,0.0041487955229086,4.976656474350628e-33,1.5707846772789904e-05,0.00026707853892862814,0.8409578792808304,0.28138641981937784,3.1538461538461537,1.0986812966989,3.2142857142857144,1.0126747770541304,1.7857142857142858,1.4285714285714286,0.6041666666666666,-0.00018513442319431425,0.09257758175039836,0.008570812251797942,-0.0004193801625602871,5.56042725663089e-06,0.5687910463663514,0.013762195743399246,-0.0006579598840954036,9.084511700505313e-06,0.4820610215974626,0.0041607953634026995,-0.00018826424662198892,2.807523163223598e-06,0.12864338341402623,0.05016981300128978,0.11539524510402539,0.10715405385911281,0.12693602446281013,0.13035074236524233,0.11044981621572213,0.12638730885113938,0.11154887976216238,0.14012524611096475,-0.31234048722962177,0.34402969883208057,0.3689671773691037,0.5726971619308382,0.5745105096612614,0.08376119185379316,0.04754658424911417,-0.21263368001642946,-0.4412130211595365,0.001813347730423187,0.7999999999999999,0.22914510852449121
Mov. 3 - Cell 11,0.5887975859165612,0.05587471157419947,0.3033243994249734,0.5934707484129994,0.23151173292133911,0.8716812757532764,0.9375,0.0031219833934999796,1.925929944387236e-34,0.00010009612542514733,0.00014934156395967496,0.8062729337964606,0.24110048737973347,2.625,0.7806247497997998,2.6470588235294117,1.0256232808330996,1.411764705882353,1.2352941176470589,0.7291666666666666,-0.0012181843854676654,0.14328725105388476,0.0005910718946388705,-0.000292629449126422,5.962395299185873e-06,0.6637064624932846,-0.0017495655684162882,1.2522003124913556e-05,2.464400331745101e-07,0.5031967507502422,0.0007898695328057322,0.0001536416625014248,-3.5878209301470954e-06,0.09217527498958088,0.06456757733005838,0.08794650795589176,0.10277208250046595,0.09057538831121154,0.0937751616679502,0.1588250375102747,0.0945166084284391,0.16651633991128936,0.1060499913231825,-0.20536201761449585,0.13183553872279288,0.43933230570747994,0.5974256632409306,0.5740153954593465,0.08150662471307599,0.055563121526309586,-0.1168559007375899,-0.4465334965127391,-0.02341026778158406,0.875,0.2093576798404323
Mov. 3 - Cell 12,0.5928503381102249,0.06236419178223616,0.29507606676650355,0.5827586280773244,-0.2128804453537753,-0.14454852093765114,1.125,0.003889292416651532,1.4564845204428471e-33,1.606067952631139e-05,0.0004935907830179375,0.7802813838315453,0.16567499192739538,2.933333333333333,0.8537498983243798,2.8666666666666667,0.7180219742846006,1.4666666666666666,1.4375,0.6666666666666666,-0.0014775600056532224,0.09613574366562995,0.007584516454596927,-0.00028390433129746225,2.0912814458463457e-06,0.6376721846581379,0.002961925076493162,-6.888276298047559e-05,-1.6110904708823434e-07,0.5595943081702429,-0.007940071292955916,0.00037343804077605156,-4.414638068004729e-06,0.12539400733579822,0.05398991974760061,0.17034413757790387,0.07142127698472378,0.1281455248689015,0.1228144596485139,0.1164978793572442,0.0868110232003102,0.12033995985097297,0.07032149929692781,-0.3927286725353047,0.19787981581911612,0.3242618834603764,0.6063274352398766,0.5928087393762547,0.07486372784807209,0.030385343444446364,-0.2596396179636441,-0.12922427338103432,-0.013518695863621977,0.9801136363636365,0.2374020108792294
Mov. 3 - Cell 13,0.5899995750858934,0.04672656001364671,0.19616034758688078,0.5852224157545296,0.003063259753725285,-0.5576295661148785,1.3125,0.0021833714107089273,1.4564845204428471e-33,4.3584146741137086e-05,0.00011689949311481418,0.7942359288422749,0.2853726034699135,2.6470588235294117,0.903664205631601,2.6875,0.9164298936634487,1.5294117647058822,1.1176470588235294,0.7291666666666666,0.0010830322192435838,0.05447742668880186,0.0074832314317515945,-0.0004759677610508516,8.252004058131045e-06,0.6000152118219801,0.005454040165685683,-0.00024340020516798688,3.414334003730564e-06,0.5510719950041807,-0.0023895355089982827,0.00022339649765868634,-4.398613895521312e-06,0.08955269588151739,0.04432045788442062,0.05551020757946786,0.1346156455516492,0.08756465237216124,0.09154073939087355,0.06100195460489055,0.14340672564045978,0.08463289206538964,0.14175705910876588,-0.5313604313545767,0.18825384577688697,0.3716997677465245,0.5764877528328203,0.5847318006431557,0.04088595606536199,0.057115115778715204,-0.5136117626883299,-0.6659448158031253,0.008244047810335386,0.7307692307692308,0.1648381077253669
Mov. 3 - Cell 14,0.5920946872882125,0.08071641685807443,0.39729111900951447,0.5926352030268167,-0.1488591725462107,0.3575935738266285,1.0,0.0065151399504064424,5.349805401075655e-36,4.268549600024724e-05,0.0006615868026156161,0.8616253051145482,0.31163361009013163,3.1538461538461537,0.8634593969478327,3.142857142857143,0.989743318610787,1.5,1.6428571428571428,0.6041666666666666,-0.0021215323189862877,0.08067113996673675,0.018388732345223344,-0.0008295257592742715,9.624272282685952e-06,0.5670179617271526,0.020850410861196912,-0.0009334084531345932,1.152313943202389e-05,0.45502342266968715,0.0074892646082206004,-0.00033026318985442154,4.9086935137553465e-06,0.15567694938400717,0.09520098759974037,0.13133773672893262,0.09560924470267795,0.14943560898557134,0.16191828978244294,0.17640005627433877,0.1164978793572442,0.1632098654343443,0.11540524308300537,-0.39554398930787443,0.15509667963645613,0.3867599373939405,0.5946233725611181,0.6022054113347088,0.08067465527264586,0.05125558196118966,-0.040920701023653104,-0.4523192304988066,0.00758203877359076,1.0952380952380951,0.3561137284391798
Mov. 3 - Cell 15,0.5865998158943585,0.06514297237029258,0.30002506636158544,0.5860472490203766,0.09955025899937892,-0.1871358335372788,1.25,0.004243606849236702,8.559688641721048e-35,0.00011299810240205933,0.00041672586761435114,0.7903457442530727,0.2676648945331401,2.625,0.8569568250501305,2.6875,0.7680128579652817,1.25,1.411764705882353,0.7083333333333334,-0.0026544532377046344,0.12780034286920075,0.00860375476836047,-0.0005227125297489078,6.803592822679204e-06,0.6298210242439978,0.011156337015366396,-0.0006167352950528601,8.290350219840374e-06,0.47926493014867694,0.006229810942886227,-0.00024668688311875453,3.3199117674671228e-06,0.11850396734737972,0.0643508560089951,0.15660405789401147,0.09835868892216788,0.11571634091108726,0.12112761575800791,0.1445207861553701,0.07308522634353194,0.16430250170858327,0.0818763064323426,-0.4291207402875707,0.20480931852905784,0.4693792207154216,0.5769847952163956,0.5867092580571214,0.07564303789807438,0.0424954511685459,-0.47849883713881763,-0.49102682753494536,0.009724462840725812,1.1294117647058823,0.26872425074074313
Mov. 3 - Cell 2,0.5902057834023552,0.04231002335140241,0.20770801330873823,0.5885217488179175,1.1586938698892364,1.8542850239073614,0.6875,0.0017901380759962166,6.184375043643457e-33,1.236871640227319e-05,0.00023940168692768954,0.8330914704105927,0.2877416392692877,3.0714285714285716,1.0326308782000686,3.0714285714285716,1.222660197758835,1.4285714285714286,1.6,0.625,-0.0008568222400889859,0.068836665968056,0.004305442870722235,-0.00022346470837445224,2.7247763193303233e-06,0.6351766663068584,0.000854560051735825,-5.4622735403418656e-05,4.6955685957404923e-07,0.5723965771955208,-0.004843927548408914,0.0002445837124771578,-3.3995824222586377e-06,0.0755485215094574,0.047455907985678045,0.08569696268540002,0.05879525781574154,0.0766574634249954,0.07451350905495531,0.0961519921330188,0.05879525781574154,0.08515421525505913,0.05714559128404758,-0.14144330078269624,0.15902068726587396,0.34932996911513703,0.5926437727230853,0.5847318006431557,0.04704095130604076,0.0244505191120616,-0.21977684496231462,-0.5583991131446534,-0.007911972079929663,1.12,0.18298443957400035
Mov. 3 - Cell 21,0.5887633071314871,0.08834387772852414,0.48631312384710795,0.5909962486154585,-0.15124078887867007,1.3244994115555313,1.0,0.0078046407321124235,2.8300470571690213e-33,0.00011541248672005673,0.0009296780583056472,0.8403861051636413,0.2925322222287995,3.727272727272727,1.5427784316797402,3.6666666666666665,1.699673171197595,1.6666666666666667,2.0,0.5208333333333334,-0.006178286682439876,0.3150598772382653,-0.007448590907325657,-1.3482623601215692e-05,1.0260362053352115e-06,0.7109366906152851,-6.056029101540729e-05,-0.00018304104081803276,3.097451714086585e-06,0.4113978230930229,0.0049437016380628465,-6.340002999817974e-05,7.187390040174195e-07,0.1750374245777461,0.09860343107633544,0.3127081168592349,0.05385125721014968,0.16940499170524814,0.180669857450244,0.25559884680453876,0.06923743271895755,0.30285643687740266,0.08077724288590238,-0.38530252831235695,0.3031411712857565,0.3766006518992655,0.5982492110523373,0.5970953014497784,0.14545748123030847,0.034984229406055355,-0.492996513278131,0.25023470964130773,-0.0011539096025589002,1.2,0.40553516681985
Mov. 3 - Cell 22,0.5722780680762388,0.09276757222661049,0.489612456910496,0.584401867336817,-0.6415601714805832,1.5876268613737627,1.0,0.008605822456819389,3.7569008429053785e-33,0.0006880799642048255,0.0007248366646229667,0.8327991417451709,0.26794754867575293,3.0714285714285716,0.7985957062499249,2.9285714285714284,0.7034898429854359,1.3571428571428572,1.6666666666666667,0.625,-0.009063901345147606,0.6266810510718016,-0.05355562165559247,0.001781736956576739,-2.0322178902118166e-05,0.8414327618700986,-0.018083398664690824,0.0005118199555846864,-5.161446483061608e-06,0.22904636462405892,0.033617662095298,-0.001196419133362146,1.4257535862335972e-05,0.1411472562676801,0.14288812842860882,0.47092980490372316,0.02417725559761848,0.13588492979123304,0.14605876097903067,0.3132195420497143,0.029671859188464045,0.38685394309578863,0.028573509783379508,-0.10590452603879677,0.28059823726383737,0.46917802686723037,0.5161528062541644,0.5895119772217473,0.1622679616975957,0.013617830754174363,-0.21524059443678534,0.35059137699043513,0.07335917096758293,1.2280701754385965,0.489612456910496
Mov. 3 - Cell 23,0.5832338891495504,0.06779493333044645,0.36102416440105334,0.5942934392547792,-0.31174707573998606,0.25177583907376677,1.0,0.004596152985279678,4.655668150286089e-33,0.00012476574231984192,0.00012393149695597846,0.7760857989949195,0.21301838803720255,2.8,0.7483314773547882,2.8,0.7483314773547883,1.375,1.4666666666666666,0.6666666666666666,-0.0024738765790961337,0.2252385417359382,-0.004874163559996088,-5.3912325313272666e-05,2.564283634534347e-06,0.6263277109489259,0.008318715673764607,-0.00047725471975795276,6.855371598351871e-06,0.36646106898015524,0.01877024416541402,-0.000670053051071381,7.522013385493401e-06,0.13145582345762227,0.059516547137414166,0.23134323561737172,0.14616902440435253,0.13074798987061903,0.13221084595042576,0.17529313717298578,0.12199034052402263,0.17529313717298578,0.1131971180111449,-0.3665145457426528,0.20981432447264037,0.39758857685854243,0.5601684802286395,0.5840717197880714,0.08464089696025706,0.05558237769045865,-0.24502235137528497,-0.4773116506591279,0.023903239559431855,1.0666666666666667,0.22090106071415572
Mov. 3 - Cell 24,0.5857409716464458,0.09302657654150372,0.530824126265905,0.5951172013085926,0.46504689991293696,1.311948801383541,1.4375,0.008653943943032249,3.423875456688419e-34,7.528881955123725e-05,0.0005641666399601301,0.7785040289520482,0.21737861908869682,2.7333333333333334,1.0624918300339485,2.8125,1.2358574958303243,1.25,1.5625,0.6875,-0.0037492681313317333,0.41681412335692264,-0.028984871204973044,0.001012928858060387,-1.160237048402147e-05,0.7401289966445724,-0.00112571643937679,-0.00016243323439969282,3.414583274201506e-06,0.34166060063428055,0.025495119435501343,-0.0010830307221845208,1.389482374226342e-05,0.166912911532883,0.09622480167655585,0.2840961434224368,0.049457145448455773,0.16031879805724988,0.17350702500851617,0.30003006535107557,0.1071554821418242,0.3291548922610645,0.13078427717825614,-0.4450667210945376,0.38354473777906317,0.3887216904293603,0.5662677473053662,0.5980842443991679,0.11095498815310277,0.06769752049442866,-0.31863492690826367,-0.678449756436271,0.03181649709380163,1.25,0.4434496455359383
Mov. 3 - Cell 25,0.5744417824825411,0.10531781442981385,0.45004616923864676,0.5530796274753033,0.6143439079483517,-0.0247109666601113,1.375,0.011091842036272706,2.248255719802044e-33,0.00036135473624704514,0.0010015776137039915,0.8277677873849629,0.23899065958582844,2.588235294117647,0.7714633558002355,2.5625,0.6091746465505602,1.2941176470588236,1.2941176470588236,0.7291666666666666,-0.005254325970615907,0.18910108223307096,0.020101350147653043,-0.001234904399921134,1.6766633752351357e-05,0.5905598371912183,0.02340945438896783,-0.001180754272076332,1.5424548451284408e-05,0.44329365218604716,-0.002213239651846879,0.0002509450888703324,-3.3521200295624047e-06,0.18511923913195527,0.11679786432751685,0.28464246155955597,0.05769905083472415,0.18211310310340204,0.1881253751605085,0.22639566430500113,0.12309011821181869,0.2709059525824422,0.1033076885172498,-0.3512376839879863,0.17628162299093955,0.41014755173861184,0.5454965174896789,0.5811044624550894,0.12303368491464814,0.07315490897399148,-0.5450971999489195,-0.5572603927038096,0.03560794496541053,1.0,0.4385049307889904
Mov. 3 - Cell 26,0.5841612016999421,0.09919388119271373,0.49455717165744334,0.5992392252137604,-0.7273346832447869,0.9079792327073983,0.8125,0.009839426066074207,1.0485618586108283e-33,0.00029839559378413885,0.0003158189506228564,0.8320427675937565,0.26766345405793135,2.933333333333333,1.0624918300339485,2.857142857142857,0.9147320339189784,1.5333333333333334,1.4,0.6458333333333334,-0.005692411144461524,0.04810048194984221,0.05282738554874912,-0.0028798816118052652,3.95857177375825e-05,0.6409254663380929,0.015015030856926886,-0.0008133211002872994,1.0801265261604237e-05,0.5655599021316339,-0.03428570672436804,0.0019503915084329595,-2.7740842538017292e-05,0.18990975395687876,0.1249403962535115,0.1505638503074023,0.10990206979589123,0.19144844292189506,0.18837106499186235,0.23299147386635424,0.10605641859538395,0.2379369027546575,0.11814468932351534,-0.3853690700082051,0.184531551065825,0.4351385702298725,0.59577642519405,0.5867094722995281,0.12167001973929079,0.0559549018636981,-0.5188544610237227,-0.4015437299614074,-0.009066952894521974,0.9130434782608694,0.45004616923864665
Mov. 3 - Cell 27,0.5901370472968678,0.0816673527264208,0.47312650371389187,0.584401867336817,1.0167876356803092,2.4778493519103186,1.375,0.006669556501341631,5.308344409217319e-33,5.804580612407856e-05,0.0014491010494771712,0.8337701770359432,0.24803584436423168,3.142857142857143,0.832993127835043,3.0714285714285716,0.9609731462195509,1.3571428571428572,1.7333333333333334,0.625,-0.002549676388297021,0.15011030245044904,0.010566277955976366,-0.0007763533772499927,1.1936428373762688e-05,0.6583102601778982,0.008943708191023685,-0.0006205356160605704,9.355354088352451e-06,0.5160837121374979,-0.0025590948069249796,0.00017429988362051537,-2.5052790236552594e-06,0.13614462219422788,0.08947249506773813,0.16924864473824222,0.1247390706021569,0.1364734842885331,0.13583768423954304,0.2022184087073827,0.09836225962894647,0.20386736109772094,0.09946132317538674,-0.219946711066519,0.12343388978702757,0.3602236681207824,0.6139101167406874,0.58275305777475,0.13158959618765914,0.04839640382924286,-0.1690268832938562,-0.16560423746750377,-0.031157058965937456,1.2771929824561403,0.33135159107123324
Mov. 3 - Cell 28,0.5831308296251544,0.08801590736635274,0.4978543622967643,0.5860504626564773,0.15163647427412855,1.0806382061838748,1.0,0.0077467999495223865,1.0485618586108283e-33,2.9806210149587553e-05,0.001086570015853014,0.8268300177928962,0.1819015204147177,2.8,0.8326663997864533,2.75,0.82915619758885,1.375,1.375,0.6875,-0.006146660877206847,0.31415891483126823,-0.0032873220522447876,-0.0003123138272689512,5.9137478999885e-06,0.7472092434220684,-0.0014682995931703988,-0.0001922089223332609,3.7433406989318085e-06,0.42290334614775144,0.0038306427149684672,1.592499439037651e-05,-6.473199863106691e-07,0.152488639796384,0.11053640043729418,0.29783336654090625,0.09066667237979753,0.1470278686522653,0.15794941094050274,0.27475374620701665,0.06319222614285824,0.30552609722463236,0.0741828616072608,-0.3416012157202757,0.21469689047138216,0.3606371422203093,0.560497985050165,0.6015461874492514,0.1260488205100672,0.0431418479059991,-0.29871520089188747,-0.5014657212779491,0.04104820239908635,1.0,0.4154267387378124
Mov. 3 - Cell 29,0.5844359229527174,0.11631692877245922,0.6923800403204208,0.5918200106692719,-0.027671347464216223,1.8227146668206045,1.25,0.013529627919057348,6.473264535301542e-34,7.197199849445439e-05,0.0006150343690977386,0.8202164221021995,0.18670825750493475,2.75,0.9682458365518543,2.7333333333333334,1.2364824660660938,1.5,1.25,0.6875,-0.0069107399216228015,0.3331002268468561,-0.0038561282198439277,-8.078096915060808e-05,4.397588735346244e-07,0.7539540648200701,-0.005173187481650851,0.00011958563355998913,-1.5047555413676334e-06,0.36002487195474575,0.007220006880226103,-0.00012823247404768282,1.7656920619244706e-06,0.19091964356490795,0.16439008789677725,0.40773400805408616,0.06099624147404492,0.19658642217323213,0.18525286495658377,0.2610158089471914,0.039564859389137785,0.20991185353246453,0.04945643130710009,-0.47218415090484,0.24561370815644643,0.3790420621208556,0.563794961447079,0.6010517159745566,0.15082679806721788,0.026036517929855812,-0.24974646661075134,-0.4408973990793475,0.037256754527477676,0.8333333333333334,0.5769847952163955
Mov. 3 - Cell 3,0.5891064520529065,0.035036259718553266,0.140114533990629,0.5868720822862236,0.12542931163819734,-0.6445032737106606,0.8125,0.001227539495065918,5.349805401075655e-36,1.391544487158599e-05,0.00020146171884081457,0.8443537180848609,0.28198911000680693,2.8666666666666667,0.8844332774281065,2.9285714285714284,0.7985957062499248,1.3333333333333333,1.5333333333333334,0.6458333333333334,-0.0013747592374759997,0.05211596283826048,0.008311490748124139,-0.000525815073139007,7.775146158397952e-06,0.6337461767068322,0.0007774697728463613,-0.00010526107325899058,1.8598929906150158e-06,0.5708132271828427,-0.005664673240218989,0.00033293918271377676,-4.712093463929142e-06,0.061429725276961875,0.0373421147605478,0.09288122472385936,0.05714559128404765,0.062308833285842934,0.060550617268080816,0.08903200281657346,0.048897258625577845,0.06320865139403957,0.05219659168896577,-0.18981467072945826,0.1344300565605649,0.3939679783798523,0.5867092580571213,0.5909941061913914,0.04163271674901669,0.03391361232946817,-0.2986209595977,0.0068966594489117804,0.004284848134270103,1.1500000000000001,0.11704062678758509
Mov. 3 - Cell 30,0.5871147564456614,0.06505489358679016,0.2851952069688769,0.5827532720171565,-0.05759259093366049,-0.07305876678071321,1.4375,0.004232139179588591,2.260292781954464e-34,6.454447864740585e-05,0.0004733936315249062,0.7948687300704409,0.23757894756829848,2.5294117647058822,0.7759356446042893,2.5294117647058822,0.7759356446042893,1.2777777777777777,1.2941176470588236,0.75,-0.0009194155365744546,0.11986376342465267,0.00025111393545538575,-0.00012009646923625328,2.2978942924879673e-06,0.6712702035280917,-0.004299399524586088,0.00017505213227165248,-2.3284559169213787e-06,0.4982765350887261,0.004460184562957708,-0.00010910281198777663,6.869095646491974e-07,0.095567722483853,0.0758005431468334,0.1060542761713168,0.05220373310252283,0.09726331510606544,0.09377238911915743,0.10001049787792897,0.11100113334233148,0.09176859249166062,0.09671402137996388,-0.3717983254357001,0.16814328225974698,0.3877439891373566,0.5799505528525305,0.5860500341716639,0.08197885080395594,0.06483224011230163,-0.13082700466326408,-0.553375516242177,0.006099481319133404,1.0127877237851663,0.2654120631329524
Mov. 3 - Cell 31,0.5905148280740393,0.08945262690109718,0.4253183106557745,0.604183939960708,-0.7558269730931488,0.7990485081026462,1.25,0.00800177245950689,1.3374513502689137e-34,2.7081795491477927e-05,0.0004509752899309923,0.8029889611309119,0.2613599059128127,3.0714285714285716,0.7985957062499248,3.0,1.0954451150103321,1.3333333333333333,1.6666666666666667,0.6458333333333334,-0.002642347998511482,0.15087251875984445,0.013922496441718368,-0.0006822068463460581,7.832464674525736e-06,0.6900677269518282,0.0006929545413904179,-3.389160312998052e-05,-3.969914112694329e-07,0.5562881084004303,-0.01552173348410741,0.0007321668539415592,-9.135126858595619e-06,0.18309506007000018,0.08864434703015989,0.2038659328150095,0.12858329351995276,0.18562276339854156,0.18056735674145866,0.2038659328150095,0.09781022836098131,0.16869732761163272,0.09890929190742158,-0.5142073541479865,0.19906957179320464,0.3491636760435541,0.6005570302574551,0.5901714153496114,0.07901184132754281,0.0535445940073337,-0.28277543887114454,-0.4173405258260689,-0.010385614907843732,1.2500000000000002,0.41048202399086475
Mov. 3 - Cell 34,0.5876986116377904,0.047810771844047334,0.1730950100801052,0.5918189394572383,-0.0642964274711982,-1.1209196246725093,1.0625,0.002285869904323548,8.559688641721048e-35,6.013309347390791e-05,0.0001720741266656327,0.801448921155188,0.25171188196124666,2.933333333333333,0.9977753031397176,3.0,0.8451542547285166,1.6,1.3333333333333333,0.6458333333333334,-4.2175510851782644e-05,0.03558008060264084,0.01328793158740517,-0.0006442939917346368,8.634471966501883e-06,0.61380993412771,0.0030988634629669537,-9.519409929041736e-05,6.88158315155411e-07,0.566663244939862,-0.008048328791181197,0.00044139865583225235,-6.367865012639571e-06,0.09902112644372602,0.03797599726480929,0.07473275045115868,0.10715548214182424,0.10001021222138669,0.09803204066606534,0.09946060903403094,0.12309083235317435,0.0857226717742056,0.10825454568826447,-0.3151835812653819,0.2448775961396691,0.42534420237539233,0.5824233387108178,0.5844014388520036,0.04946692144313679,0.046623492934950134,-0.1428214146658305,-0.39504632168135617,0.0019781001411858234,0.8333333333333333,0.15661119930756862
Mov. 3 - Cell 36,0.592355723807259,0.04587253893630409,0.20936196468856655,0.5901714153496115,-0.1505824693837108,-0.40338708764194875,1.35,0.0021042898284627347,9.437056727497457e-35,2.094407821004058e-05,0.0001957845543259429,0.8131781277538809,0.24612288580405017,2.5,0.5,2.5714285714285716,0.6226998490772392,1.1333333333333333,1.4285714285714286,0.75,-0.0012135113574494696,0.2530316071727928,-0.020281800955737807,0.0007654914435732902,-9.315075917236398e-06,0.6711507997177604,-0.007085218009187315,0.0003774206575745004,-5.803170008359998e-06,0.4357129058939172,0.011658691387868616,-0.00035349483045301683,3.3674941695707497e-06,0.08231185878263479,0.04327452929220064,0.10550510146877456,0.050004891868286605,0.08154637312600385,0.0831320219861679,0.11209948274741609,0.07033649626539777,0.12418846761690318,0.08297465583742714,-0.46569787202991947,0.14743336166991555,0.39209467015827865,0.5852258436330371,0.5916550440161025,0.0535402500981378,0.039139294777727374,-0.6924445165929018,-0.1978183626649275,0.006429200383065381,1.2605042016806722,0.17639220071942602
Mov. 3 - Cell 37,0.5891410879086584,0.050987422696387834,0.22749758441686435,0.5885217488179175,0.24662373344627675,-0.14478387630092815,0.875,0.002599717273220125,9.663086005692901e-33,3.128777980968121e-05,0.0002811754658321649,0.8133762968558818,0.2820348026806347,3.0,0.816496580927726,2.9285714285714284,1.0996288798814753,1.4666666666666666,1.5333333333333334,0.6458333333333334,-0.0009849196867803144,0.06014704483974778,0.009844832063754428,-0.0004212100047020066,4.424359737922263e-06,0.6287512859433895,0.0036455672392408244,-0.00011135713581308295,4.211869673444004e-07,0.5685878458270343,-0.006094643968438715,0.0003002876056207587,-3.818161334505128e-06,0.09759312938884497,0.05205480968758864,0.05495174903930137,0.04780819305811753,0.0988020278757937,0.09638423090189627,0.09176859249166068,0.06264376558167169,0.12089270526029385,0.05110466955608258,-0.28832651422031813,0.19846484140968884,0.3780062087011176,0.5900066629388487,0.58275305777475,0.06343500294874213,0.030755359966337097,-0.21614463807938067,-0.296447592478519,-0.007253605164098786,1.0454545454545456,0.18793129674501519
Mov. 3 - Cell 38,0.5871148010794961,0.05508401474989501,0.2472785858287218,0.5909951774034249,-0.6600590594303997,0.23660458253380234,1.1875,0.00303424868096665,8.559688641721048e-35,0.0001160460421323007,7.265262842185636e-05,0.7197267434659708,0.14532053478831064,2.6470588235294117,0.7624400821656306,2.6875,0.8454843286542927,1.4705882352941178,1.1764705882352942,0.7291666666666666,-0.000629416368362818,0.17449679138886232,-0.006345182012028652,-3.60059349154844e-05,3.8030632864106603e-06,0.6592144634386196,-0.0031467177111077394,8.928700239473538e-05,-5.423991025208793e-07,0.48924836445983055,0.0030341934574578755,0.00010756749800222839,-3.8009538215648314e-06,0.0951296147656875,0.0575496450830258,0.17969081964145817,0.172545835377563,0.09580844813260649,0.09445078139876852,0.14452292857943713,0.14342172260892977,0.14177491264265865,0.1428725479063875,-0.4888260139474447,0.353768990529486,0.4461470428637406,0.5654435567667393,0.5916550440161025,0.07951342994234195,0.06183392881932131,-0.5131177614416077,-0.6415080176030937,0.026211487249363175,0.7999999999999999,0.2110116312202605
Mov. 3 - Cell 39,0.5920946872882125,0.08921424515101413,0.4088344998832379,0.6058325352803684,-0.12568445955484864,-0.17540731215095162,1.25,0.007959181537865246,1.2037062152420224e-35,4.9615931679813273e-05,0.00017301997299869133,0.6757266538875542,0.11526478967256236,2.3333333333333335,0.4714045207910317,2.3684210526315788,0.48237638894272,1.3157894736842106,1.0526315789473684,0.8125,-0.005138413202834967,0.17045647093758412,0.020227261999526805,-0.001345660391426717,1.9376400684519867e-05,0.68139543782856,0.007523244875829999,-0.0005359093717708601,7.89960005362412e-06,0.5233903460620912,-0.013850197974100921,0.0008228207246554059,-1.1194938093444542e-05,0.1591257286074165,0.10393749172211,0.21815375891873293,0.0609955273326892,0.15851840776396442,0.15973304945086855,0.264313713727868,0.10825240326419733,0.24343222048685884,0.08627184647674792,-0.689629741825955,0.509496502672729,0.3137728605675022,0.597260053860541,0.6013814350384887,0.11321195957358919,0.05687167182824485,-0.6891691979106741,-0.38078533491465316,0.004121381177947692,0.7999999999999999,0.4088344998832379
Mov. 3 - Cell 4,0.586702473714242,0.07035779579434628,0.2884774006397278,0.5827693401976601,0.14494006377058144,-0.7020485872220115,1.25,0.004950219429038931,2.5893058141206168e-33,3.5837229146766717e-06,0.00040619221638504084,0.7763354016874721,0.20962610503344198,2.5625,0.8637671850678283,2.5294117647058822,0.8483650059915269,1.1176470588235294,1.411764705882353,0.7291666666666666,0.0004311368030887393,0.15673536656443743,-0.010602192739018195,0.0007129298736239265,-1.1624666742063997e-05,0.6294093734043062,-0.0011753927555167092,0.0002193879545027665,-4.361478819253684e-06,0.478974951629549,0.008406477040544343,-0.00044650351601566716,6.5998909120180615e-06,0.13349129299955376,0.05781532437090071,0.1643025017085832,0.10553580954707013,0.1321825239444245,0.134800062054683,0.11211305143317463,0.11542666732367672,0.1280455450791019,0.12641730278807925,-0.5197354938385176,0.1869944648129947,0.31893329144957994,0.5787951435531247,0.5885238912419847,0.07775858247351679,0.05124723012676585,-0.6271318571165242,-0.413995486241411,0.009728747688860007,1.2631578947368423,0.2687028265000718
Mov. 3 - Cell 40,0.5827530934818176,0.08722813982654921,0.4170742628454391,0.5876979867641041,-0.13244613598621655,-0.30870433883726944,0.75,0.00760874837760002,3.009265538105056e-34,5.376018212874762e-05,0.0006008626284478651,0.8379224229720661,0.25221200359979307,2.6470588235294117,0.7624400821656306,2.6875,0.8454843286542927,1.411764705882353,1.2352941176470589,0.7291666666666666,-0.0016939876641894026,0.14108809635963784,0.010182234652119327,-0.0004761522237004263,5.250971011388135e-06,0.6295098329837548,0.009411307485339896,-0.00039669118715537585,4.091336960033671e-06,0.49346395456688097,-0.0008971428871296497,5.516674989040794e-05,-4.7382842417629805e-07,0.16761569751593489,0.07647039960341158,0.1252903877287662,0.09561424369216798,0.1684400266820014,0.16679136834986846,0.1423248014865566,0.13957535726706674,0.1928788680573855,0.11264937159131405,-0.36631214535065393,0.2787787859296539,0.4122412891994435,0.5815991481721908,0.5740160381865665,0.09959835033768562,0.05796050324020029,-0.3565101347207997,-0.23576716865963734,-0.007583109985624281,0.875,0.31157058965937595
Mov. 3 - Cell 41,0.5911674193716556,0.08459392268167656,0.3346509241346214,0.5852256293906304,-0.08819766652503906,-0.8070541642149744,1.5,0.00715613175467347,6.473264535301542e-34,1.1200434396546528e-05,0.00022382863003430828,0.8183520225445011,0.1875837360292138,2.6875,0.6817945071647321,2.625,0.8569568250501305,1.1875,1.4705882352941178,0.7083333333333334,-0.005026543227864724,0.29145568120935983,-0.0067777572615160524,7.777899578275715e-05,-9.643664399875474e-07,0.7151375556836221,0.001364474424733207,-0.00018135794437844086,2.4405646611638945e-06,0.4450452804476998,0.004217029030261316,-7.152452090984677e-05,8.105207563016353e-07,0.16849840678309633,0.08357295568261969,0.27145655556769593,0.06484260681590796,0.16866380760174907,0.16834273542436443,0.25716730118126124,0.054400431912691914,0.2511235228878734,0.07033721040675349,-0.5894559418976199,0.13192822081505742,0.30242399793921987,0.6097889498051465,0.5947872680022539,0.12270195940477933,0.0347508767979254,-0.6845520525503859,-0.2330585539648017,-0.01500168180289263,1.238390092879257,0.3264090187483531
Mov. 3 - Cell 42,0.5897249431007875,0.08257375023217114,0.30827339902005524,0.6033601779068946,-0.42337234433600607,-0.784244465089543,1.125,0.006818424227404983,8.559688641721048e-35,0.00010402064589286175,0.0003602924216667433,0.7770642541042375,0.23255427334168424,2.625,0.9270248108869579,2.6875,0.7680128579652817,1.3125,1.3529411764705883,0.7083333333333334,-0.0036625043610400408,0.2319151252194303,0.003436477145804599,-0.0004782577369535242,7.905904378438293e-06,0.6644224489755242,0.00669465939704288,-0.0004597247551636878,6.915060140743785e-06,0.46762126095934026,-0.0026706107621075614,0.0002839283103159782,-4.433148081724061e-06,0.16550225918617878,0.07010089523999673,0.23244301330516756,0.12748708653893528,0.16578010480738536,0.16524075742504318,0.22969571150974477,0.08957046539878004,0.22694769557296626,0.10660559329792614,-0.5390291998517361,0.16840414633044476,0.3773725572553549,0.5768183288663791,0.5990734015909641,0.0993681039316384,0.04377931783126615,-0.6340213610036556,-0.7143923372593761,0.022255072724585045,1.030812324929972,0.30827339902005524
Mov. 3 - Cell 43,0.5888663220220485,0.07567705100083093,0.3758625934900303,0.5844007961247834,0.7353774260336394,0.688193054005303,1.125,0.005727016048182363,3.6164684511271423e-33,7.341894030270371e-05,0.0004789977145675489,0.8139774438410202,0.22669649489538776,2.75,0.6614378277661477,2.7333333333333334,0.9977753031397177,1.25,1.5,0.6875,-0.0025522866861328155,-0.01622125358217667,0.04493781334922353,-0.0024110816892934754,3.3884118014942805e-05,0.6014428824744287,0.021347407061693083,-0.0011795953094838423,1.6554525378530375e-05,0.569625846028287,-0.015841556175508732,0.0008898313699755553,-1.2873628990746271e-05,0.13899083256741673,0.08315431279810565,0.08297536997878285,0.15386104094672295,0.13909380282414344,0.13888786231069009,0.13792569073537278,0.10770251442029932,0.15990624752282218,0.1252868170219877,-0.39887786160644084,0.23756665448867398,0.44544875817251905,0.5807747433911573,0.5822585863000551,0.07153497123782282,0.05176865021003067,-0.1625706528924968,-0.43212740856504406,0.0014838429088978033,1.2,0.3049740659566673
Mov. 3 - Cell 44,0.5796964345778675,0.11787960771469362,0.7912893322278425,0.5901714153496115,-2.426897837014885,10.074827754414237,1.375,0.013895601914970048,6.473264535301542e-34,0.0009798254265453875,0.0019205534482148328,0.9149373140962423,0.3401403131722388,2.6470588235294117,0.5882352941176471,2.6875,0.6817945071647321,1.2941176470588236,1.3529411764705883,0.7291666666666666,-0.004451540690580801,0.17664757740887868,0.014318352081309185,-0.0010134437657182544,1.4629797389596706e-05,0.6503574599667019,0.013191692232052849,-0.0007706673737159965,1.0573861883126882e-05,0.5056053652472099,-0.005693708219317945,0.0004148020651583082,-5.905855823110757e-06,0.1471060828838338,0.10318346392830914,0.17968939135874681,0.057147019566759015,0.1467182411152098,0.1474939246524578,0.25002517348278885,0.08846925942827273,0.28079681035904885,0.08077581460319094,-0.29971554518001914,0.11815594906725949,0.4586727850266324,0.5817639005829536,0.5313192404678198,0.11950855318174677,0.1831849776670557,-0.6184407419698984,-0.08701707979995321,-0.05044466011513382,1.0454545454545454,0.623141179318752
Mov. 3 - Cell 45,0.5918199214016023,0.04048966937210958,0.19947253519467134,0.5901703441375779,0.20906382827665626,-0.030331757642140023,1.375,0.0016394133258627486,4.499186342304626e-33,1.1145866081986211e-05,0.00020483617007517,0.8769129944640005,0.3242573079174128,2.75,1.0307764064044151,2.625,0.8569568250501305,1.375,1.3529411764705883,0.7083333333333334,-0.001311996062484409,0.08294966151084653,0.003522472372096586,-0.0002855243429100912,4.439924624041773e-06,0.6437129861513897,-0.0006917837546045715,-1.3519139915553265e-05,3.048614101689107e-07,0.5585864720363385,-0.0036600660158628492,0.0002394969119767639,-3.618956894014511e-06,0.07123631437359448,0.04580015758721357,0.089568322974713,0.07473489287522583,0.07181392082886102,0.07069268476863773,0.11264865744995838,0.05385268549286104,0.09286622775538948,0.05385268549286104,-0.2606383460068107,0.1022971319522944,0.40101712933139977,0.5928089536186615,0.5900064486964421,0.05025805891696099,0.024031038577557142,-0.7559154733293884,-0.4088331588328649,-0.00280250492221934,0.983957219251337,0.16815029533315773
Mov. 3 - Cell 46,0.5785630476125183,0.10665155268450151,0.6923800403204209,0.5695645094598735,-1.8144225709510926,7.5648728055192525,0.875,0.011374553690014997,4.828199374470778e-34,0.00046759534712559705,0.0021889667353491953,0.8593913742426358,0.28987111912054775,2.8666666666666667,0.9568466729604882,2.8666666666666667,1.14697670227235,1.3333333333333333,1.5,0.6666666666666666,-0.0018299295906802906,0.20370508703186033,-0.0023135985010450943,-5.542875118653466e-05,1.6185689679279007e-06,0.6881156165321811,0.00323379798934811,-0.0002957694014774317,4.696869713946994e-06,0.5086878708973582,0.0021173565303960994,-0.00010940218117967721,1.6582872542292416e-06,0.14884601783146467,0.06597486190023541,0.17584374015823945,0.12199034052402265,0.15100504683696084,0.14682192813881195,0.23024488621228711,0.12968378534910444,0.21046245651771822,0.1329809759884252,-0.028826555349541157,0.13514255031834252,0.45774426882020225,0.6071511972936899,0.5423642935035276,0.10066595293196365,0.16585161521275013,-0.05876679531018118,0.1257220406692632,-0.06478690379016239,1.125,0.42202112001645375
Mov. 3 - Cell 47,0.5872178159700575,0.10324992447821645,0.47971874256846647,0.5951161300965591,0.009609708774594229,-0.018729280977015428,0.75,0.010660546904757396,7.703719777548943e-34,8.962666608477678e-05,0.0009205915216138247,0.8025834069318409,0.20810501232028006,3.727272727272727,1.1354541815269814,3.5833333333333335,1.114924013354971,1.8333333333333333,1.75,0.5208333333333334,0.001586141864278355,0.08837461480394364,0.013140151068856073,-7.027932331273383e-05,-4.374923407674455e-06,0.6415194546390494,0.004152621259273471,9.06185012449663e-05,-4.006654670807514e-06,0.52194562482339,-0.005573373947339661,8.375454169168653e-05,4.378728253964151e-07,0.23512015071239167,0.10365891097987964,0.12308940407046282,0.17089616884586892,0.23601300594237026,0.23422729548241325,0.12913389650520643,0.21540645712331005,0.16924793059688645,0.20112005930229823,-0.19551347604971953,0.30798992326626656,0.3928758413677341,0.5769832955195485,0.5804452385696319,0.07498892564403438,0.0840015562232536,-0.15851164653784047,-0.17734533604275715,0.0034619430500834047,0.9545454545454546,0.4566384080932211
Mov. 3 - Cell 48,0.591579523567736,0.06344293092308503,0.38410449887629866,0.595940963362406,0.9620282602080061,3.081546140311201,1.125,0.0040250054841113395,3.478710962049445e-33,7.791214590982059e-06,0.00040746949758976414,0.8571101113806853,0.26996239519371734,2.75,0.9682458365518543,2.7333333333333334,1.0624918300339485,1.3125,1.4375,0.6875,-0.002276424324546205,0.03150849205316196,0.02274092814760607,-0.0010981271840395524,1.3718602974858845e-05,0.602282587455707,0.012411165200559422,-0.0005827741272295476,7.003962503016978e-06,0.5671663428904994,-0.008916116033296832,0.00041917598296517745,-5.073404162189278e-06,0.11781752331492991,0.0797253045775618,0.07198544865573604,0.0884721159936956,0.11869323915237133,0.11694180747748849,0.09891072019013303,0.06649084506489049,0.17529242303163006,0.06484260681590796,-0.37387406122548167,0.12954135855431775,0.3499338069757362,0.6078106354215541,0.5923144821439666,0.08773490171687058,0.034752622128549786,-0.4165891201583534,-0.40259510578104807,-0.015496153277587466,1.0952380952380953,0.3330012576029274
Mov. 3 - Cell 49,0.588316834882663,0.05990766531113222,0.2604673483860047,0.5893465820837644,-0.024164661474583935,-0.46210002693637797,1.125,0.003588928363030634,4.194247434443313e-33,4.0364644138220364e-05,0.00015611837613553067,0.808670081553537,0.20919245378875154,2.588235294117647,1.1910856900774465,2.588235294117647,0.8442764761416073,1.1666666666666667,1.411764705882353,0.75,0.001382561442743855,0.1274477557815223,-0.011370997950470195,0.0007193944665631291,-1.0710142016581523e-05,0.6488061037702253,-0.0034174932029424313,0.00021699163035292801,-3.1536232242886e-06,0.5075227588160822,0.010246035202504764,-0.0006012944843434409,8.780608454363933e-06,0.10828490689790156,0.06011971711243603,0.09781308492640418,0.1384748654379151,0.10843665173397092,0.10812423589500458,0.11539738752809257,0.11319783215250064,0.10056110086318269,0.10825168912284162,-0.5097680263704525,0.0883039439138923,0.3968353782147282,0.5822585863000551,0.5840719340304781,0.06056548212737128,0.05209943534766064,-0.7222543588584261,-0.47894881720099675,0.001813347730422965,1.2100840336134453,0.2522233005756692
Mov. 3 - Cell 5,0.5864967117361276,0.06423560972026553,0.2786008256902355,0.5728713410074964,0.41294946456891574,-0.0790654647117015,1.0625,0.004126213556134271,9.750020343460382e-34,0.00013251410893662141,0.0003874481434116427,0.8465198099294782,0.32498274506914043,2.933333333333333,0.771722460186015,2.8,0.6531972647421808,1.2,1.6875,0.6666666666666666,-0.0009242569668666841,0.14868215238539698,0.00014756521421249163,-0.000165341023126305,3.50653082619316e-06,0.6287099171237055,0.0026209559050164623,-0.00012223902043134282,1.6636387914520467e-06,0.506946193848961,-0.0022767541953590755,0.00026326668059740586,-4.800084168648232e-06,0.12023698527484293,0.06542031320298088,0.16595216824027706,0.12527467661894057,0.12045279418517542,0.12003466442140621,0.14507067499926798,0.10659273875352338,0.14287826103723314,0.11099184950470727,-0.3727154028055244,0.17088398021725773,0.443073673521584,0.573357671270736,0.5990731873485574,0.08565988901581291,0.04834788816430067,-0.49186434007874136,-0.2149068541113134,0.02571551607782141,1.40625,0.2769511591585415
Mov. 3 - Cell 50,0.5910300364283506,0.07212635289645163,0.3346509241346214,0.6058325352803684,0.07475747804389757,-0.07837614922952296,0.9375,0.0052022107821434755,2.139922160430262e-33,5.8013742872941074e-05,0.0006027107614418406,0.8876789247893516,0.35892524874979775,3.230769230769231,0.7994080650317895,3.230769230769231,0.9730085108210399,1.5384615384615385,1.7142857142857142,0.5833333333333334,-0.0022905975427583796,0.24049471131550376,-0.009772558627533234,0.0003868121683876154,-5.483767696042411e-06,0.6857746137478961,0.0027134039522272056,-0.00027645252187108715,4.6151373719544336e-06,0.4562606295302256,0.010899613976773432,-0.0005994423402608882,9.342559699449835e-06,0.1558154871392267,0.06979641112336207,0.21760387007483487,0.09286479947267805,0.15445344866826094,0.15708023714798056,0.1769406612806125,0.10990064151317984,0.1780397248270528,0.129682357066393,-0.25436284107890367,0.12189560556943668,0.4149695161037272,0.5830827768386819,0.6107778927545361,0.08578038293407152,0.05499833373112279,-0.5042044594246462,-0.08815873172488967,0.027695115915854163,1.114285714285714,0.27200644441159405
Mov. 3 - Cell 51,0.5875612733283201,0.0680773061542794,0.3198124950456443,0.5984133207358798,0.019907101475854137,-0.08976698726544097,1.125,0.004634519613223488,1.6183161338253855e-34,3.104353160101941e-05,0.0005601994436756064,0.8329690425070613,0.2746092282071464,3.076923076923077,1.0714144828603167,3.142857142857143,0.9147320339189784,1.5714285714285714,1.5714285714285714,0.6041666666666666,0.0011357349542423932,0.06904612889695041,0.00237468113984876,0.00022880044760244288,-6.166837327260102e-06,0.6450228128259828,-0.003377536100946288,0.00032501282089042097,-5.9986935512155325e-06,0.5315445631927829,0.0016499464437150098,-0.00024503371584753774,4.780700852971446e-06,0.13670907442077274,0.07189327721361387,0.07308451220217628,0.10440389549826716,0.1331765997097934,0.14024154913175207,0.07473417873387024,0.1280334046760548,0.06704073390878845,0.14122145309198217,-0.31989726925960005,0.1989096202207413,0.3687993600566275,0.5949522346554232,0.5937981108104575,0.05261074292851664,0.0619488148703904,0.18723311024745853,-0.4288567046573718,-0.0011541238449657154,1.0,0.2950846364627721
Mov. 3 - Cell 52,0.5901027238779589,0.07132296716244202,0.4187260718012003,0.5942934392547792,-0.39600100898512797,1.76195017790213,0.6875,0.005086965644854781,2.4729475466472214e-33,0.00011801663666519774,0.00023236126197970209,0.826150191703705,0.25979633958309967,3.5,1.7559422921421233,3.4615384615384617,1.598816130063579,2.0,1.4615384615384615,0.5625,-0.0037921478998220047,0.20343638212461568,-0.0027917760806361143,-0.0001611812104106078,3.4236943044583478e-06,0.6859442030252954,0.0024590800002411255,-0.00033552706175191984,5.606071117607817e-06,0.45360859134723575,0.010777208221184173,-0.00042976956314991747,5.501939836248164e-06,0.11755258373870471,0.0922118083726387,0.14341958018486264,0.06264447972302745,0.11108534708835507,0.12401982038905433,0.17089759712858052,0.05495103489794565,0.2379369027546575,0.07638098870014136,-0.2681353314064666,0.324582048517476,0.4026446171899761,0.5979194919884051,0.6018759065131833,0.12813650297726834,0.03163661880151016,-0.3279750761930855,0.1753167529502217,0.00395641452477824,0.7307692307692307,0.4187260718012003
Mov. 3 - Cell 53,0.5906865790700879,0.08991535355486634,0.5176375061326888,0.5885228200299512,-0.11894608747677622,0.861384140328203,1.375,0.008084770804896613,2.8300470571690213e-33,0.00012075273226633894,0.0007897400817802535,0.8203362647330609,0.24235228101669343,2.4705882352941178,0.7759356446042893,2.4705882352941178,0.6056253024110001,1.1111111111111112,1.3529411764705883,0.75,-0.002699902583485824,0.09395901576384186,0.027176660372685246,-0.0014836346507488749,2.0432334998471302e-05,0.5768688539869312,0.02611133802901874,-0.001353618855263407,1.8762607988383703e-05,0.4863990182524476,-0.002127207633380758,0.00019128802841545308,-2.627837605187123e-06,0.16767890082627174,0.08978079131823223,0.13133416602215417,0.0851734970716634,0.1652192211621984,0.17028326752940823,0.1632048664448544,0.11264865744995838,0.1868336614812863,0.13023296005164675,-0.4886524659980599,0.22159794236360916,0.40918570831710444,0.5890175057470526,0.5997328397188283,0.08096296651151044,0.05481813644413446,-0.4501964922463352,-0.5582960611490889,0.010715333971775709,1.2176470588235295,0.40224226102866345
Mov. 3 - Cell 54,0.5870117415550999,0.07431844659100621,0.4170785476935734,0.576158890738515,0.4750931612706798,0.9335442563547729,1.1875,0.00552323150370024,6.553511616317677e-35,9.504972738988345e-05,0.0006913823372798481,0.8501481631232921,0.27756242584077034,2.5,0.6871842709362768,2.4705882352941178,0.7759356446042893,1.2222222222222223,1.2777777777777777,0.7708333333333334,-0.0006124119811550733,0.05345146729484635,0.016619080447475294,-0.0008787501564831034,1.2287449355953759e-05,0.6565257446503798,0.003931020815471771,-0.00027731730192261876,4.19386139826768e-06,0.5595714345882554,-0.0047702052718379285,0.0002169220405418158,-2.725249077399986e-06,0.11841891960410861,0.08229412917449745,0.06813908331387301,0.11155030804487383,0.12098328218890991,0.1158545570193073,0.09891214847284446,0.12748637239757962,0.07473346459251455,0.11210019688877178,-0.32145036586644926,0.13414367755912548,0.4335569558043049,0.5956114585408806,0.5926442012078987,0.053250392651029654,0.054934584148261585,-0.1770745635938224,-0.6800153033210559,-0.0029672573329818652,1.0454545454545452,0.3478396866919044
Mov. 3 - Cell 55,0.5828904764251227,0.08037978626740143,0.48796279037880214,0.5909962486154585,-0.5830995138767077,2.453791249375535,1.375,0.006460910040393135,2.9544300327440304e-33,9.012596724886665e-05,0.0006608707145230146,0.8516669590795213,0.2921728968541659,2.857142857142857,0.9147320339189784,3.0,1.0954451150103321,1.4,1.6,0.6458333333333334,-0.0033863972271648357,0.046439811778349604,0.026539123266839684,-0.0011753064808020452,1.308420409841949e-05,0.6126873199500565,0.011116164261187778,-0.00044119401821344557,4.104073949073115e-06,0.5138960411380044,-0.007218187384603893,0.0003886383012845106,-4.679078134063214e-06,0.14666356729318292,0.10110110445172225,0.14396946902876065,0.06099624147404492,0.14386106237096363,0.14946607221540223,0.11484607040148316,0.08572338591556139,0.15166291385384242,0.06704001976743279,-0.40413073993107795,0.06993975447736756,0.4524368316224876,0.5901714153496115,0.5802802719164626,0.06468814055923386,0.044160346141111244,-0.2853024053204861,-0.23927518087728245,-0.009891143433148897,1.142857142857143,0.48796279037880214
Mov. 3 - Cell 56,0.5901370919307026,0.09678078694365419,0.46323278937186274,0.5967668678402867,0.1971778635599026,-0.22422789182760905,1.125,0.009366520721432984,1.285290747608426e-33,0.00018637344039948924,0.00044782739573228085,0.8129446785582514,0.2526581904298201,3.0,0.8944271909999159,3.0,0.9258200997725514,1.5333333333333334,1.4666666666666666,0.6458333333333334,-0.00417577922269721,0.3326354355701815,-0.010109200931681751,0.00018014107025177814,-1.2485851269536285e-06,0.7450040544368711,0.001386043731023854,-0.00031675251302435597,5.6412146607668085e-06,0.45117423030779424,0.005019331111582974,-0.00021230995632516073,3.2413365827989576e-06,0.19034880806237023,0.09934455535644403,0.32310897154360946,0.15221208855638466,0.18979934770328566,0.1908982684214548,0.30827268487869947,0.11649502279182138,0.3137672884695451,0.13682662718893254,-0.2650238444078211,0.1439345365904043,0.3577633294034991,0.6063270067550631,0.5964358633219142,0.13387084121455786,0.06387123691944487,-0.2723100637464602,-0.5539749922258127,-0.009891143433148897,0.9565217391304347,0.37586259349003015
Mov. 3 - Cell 57,0.5854662503936705,0.0825199759950048,0.46158526526423593,0.584401867336817,-0.6301480858982696,1.5702705193387283,1.0625,0.006809546438216167,4.976656474350628e-33,9.833813518572403e-05,0.00027657274081582,0.8364611210842081,0.25713756602567656,3.0,0.9660917830792959,3.0,0.9258200997725514,1.4,1.6,0.6458333333333334,-0.002119396183621856,0.15777848594215924,0.01218207841693859,-0.000762170917998166,1.0944987872376062e-05,0.6275920838419139,0.008125240317844258,-0.0003541601097597119,4.191273795899545e-06,0.4615047706897783,-0.001957797628645182,0.0002842336614158825,-4.7778100698370644e-06,0.16776423051625994,0.0823716012871811,0.1247397847435125,0.1599048192401107,0.16792905434115818,0.16759940669136167,0.17749197840722195,0.1346277859546963,0.20716455173704174,0.12308868992910715,-0.5103420660612927,0.12781180340928305,0.33571665917935734,0.5604979850501648,0.5873689104273921,0.12681615356945383,0.057010991927373446,-0.5088710858641997,-0.4470080552904872,0.02687092537722735,1.142857142857143,0.4137770722061185
Mov. 3 - Cell 58,0.5855005738125795,0.06711925809274598,0.3527844014388519,0.584401867336817,-0.39360220011017694,1.2346363226035848,0.8333333333333333,0.004504994806920645,2.1458663886536793e-32,0.00043066907286551885,0.0012206055899433967,0.8742398857800074,0.2817831568580131,3.2,0.9797958971132712,3.2,0.9797958971132712,1.4545454545454546,1.7,0.6111111111111112,-0.0012820498491473464,0.24040400102623669,-0.02509888932529978,0.0013428488555334247,-1.9935624861389263e-05,0.5526895896904004,-0.007199009590549274,0.000801865670062123,-1.3896531501831152e-05,0.2151558139763635,0.02791543003225314,-0.0008583956450218547,9.172665842495102e-06,0.11421885025078092,0.07366861683035045,0.07747862396387013,0.021429239660839983,0.11000120560045233,0.11885825936614243,0.09945989489267526,0.07583109985624333,0.11374700685504287,0.09176716420894915,0.11298293857910467,0.22386696673113107,0.5000501060438286,0.5598385469223006,0.6109428594077055,0.076439222977703,0.0498454749156459,0.28774939215752415,0.20384977117135702,0.051104312485404924,1.16875,0.18298872442213465
Mov. 3 - Cell 6,0.5899997089873976,0.04985742037985243,0.2472785858287218,0.5918189394572383,0.30402772267960976,0.18575275110271283,1.25,0.0024857623669333243,3.478710962049445e-33,5.4362243174449495e-05,0.00013035970483740467,0.798291539846365,0.24611767098830584,2.7333333333333334,0.7717224601860151,2.7333333333333334,0.679869268479038,1.3125,1.4,0.6666666666666666,0.00013054048824095562,0.20175374649951663,-0.014238134652333657,0.0004545451971729251,-3.9122940353939545e-06,0.7226883616350327,-0.011931202386833203,0.00043446491585959803,-4.569643491457822e-06,0.47398109477547395,0.008696859189722496,-0.00026331656887720395,2.1022734661934774e-06,0.09444496392468874,0.046382029802886124,0.13188262658334068,0.14397018317011637,0.09839671694935956,0.09022976069837314,0.13408075367622121,0.11319854629385635,0.09231776719420291,0.10056038672182699,-0.4265355369732405,0.3195589669351379,0.42454716366872663,0.5923144821439666,0.5878635961444937,0.06182332290533633,0.0546212979749446,-0.30236772014850316,-0.7059667553049723,-0.004450885999472964,1.0666666666666667,0.2472785858287218
Mov. 3 - Cell 7,0.5900683558252153,0.06919664193391131,0.324759352216659,0.5901724865616451,-0.7036724492817031,0.4064571585980987,1.0625,0.0047881752549299335,2.6214046465270707e-34,1.7549704957737216e-05,0.00017226535934833487,0.8129520403537746,0.22582761330788506,2.75,0.75,2.75,0.75,1.375,1.3529411764705883,0.7083333333333334,-0.0015303229707986149,0.11068188243759892,0.004335754150782697,-9.951701432114979e-05,-5.921004821834946e-07,0.662003156445087,-0.000958523942657713,7.198401498963933e-05,-1.612100890752437e-06,0.5520162521358046,-0.0059533751628198074,0.00022257109928465436,-1.951705423715687e-06,0.12448840698630206,0.07495658049567079,0.1274870865389354,0.04780533649269466,0.12508167991755953,0.12393003246276561,0.1099020697958913,0.05604938430303016,0.10330768851724977,0.055499495459132166,-0.32835630306413105,0.14085955335411987,0.3236555663672419,0.5876986294913242,0.5835772483133768,0.052371410920038816,0.04037367527740007,-0.5949202034614663,-0.5064955648885492,-0.00412138117794747,0.983957219251337,0.30992306555174925
Mov. 3 - Cell 8,0.5848823952015414,0.0820970805581751,0.43520988257373683,0.5876990579761376,0.027239741444352355,0.22910022795448715,1.1875,0.0067399306361754915,2.260292781954464e-34,1.4582905562350865e-05,0.0004668692258519746,0.8033043414066803,0.2411792447432749,2.8666666666666667,0.8844332774281065,2.8125,0.8816709987291178,1.3125,1.5,0.6875,-0.004400851091980106,0.24099667565016392,0.002363489844421999,-0.00046474957309550766,7.612674593299606e-06,0.6828205372828487,0.004990621514319553,-0.0003927872105542451,5.818226110369724e-06,0.4127478038201373,0.006779851748475934,-7.781323667630603e-05,-2.672087155178827e-07,0.14970623348994455,0.08564118470721192,0.24892753821906,0.13627602420367887,0.14568791629977657,0.15372455068011254,0.19727226567772368,0.10385614907843632,0.2220008384019516,0.07583181399759908,-0.4712396586541957,0.272187913436486,0.3398700969696137,0.5649490852920446,0.585225843633037,0.11240953590917835,0.04816913006121487,-0.5484681940050516,-0.8066255764077122,0.020276758340992407,1.1428571428571428,0.3610241644010531
Mov. 3 - Cell 9,0.5861531204763609,0.046284717313776806,0.21595634596720803,0.5918210818813054,0.02449712519487591,-0.2799998368583596,1.5,0.00214227505681623,4.194247434443313e-33,4.4523157366446114e-05,0.00016666841086930372,0.8669850597586167,0.31391873871333664,2.5294117647058822,0.6960093862470137,2.5,0.7905694150420949,1.3529411764705883,1.1764705882352942,0.7291666666666666,-0.0012406614190972644,0.20777698743089573,-0.020352422198653464,0.0009120875263783347,-1.2249737914481303e-05,0.6602128468074934,-0.007211352541735685,0.0003851121464516683,-5.773562037641303e-06,0.47381300234762574,0.009314420646249617,-0.0003402995935442321,3.839205113580671e-06,0.07927441641943722,0.05026920110830331,0.08627113233539214,0.03736744643761299,0.07990473018248286,0.0786441026563916,0.13023296005164664,0.05220301896116716,0.1329809759884251,0.03297047811049625,-0.3654543710053236,0.16755890959947745,0.41950156491809093,0.5796208337885984,0.5824233387108178,0.06127635980658704,0.025656114501331848,-0.7088088176347481,0.20449284149070937,0.00280250492221934,0.8695652173913043,0.21595634596720803
