,a_mean,a_std,a_range,a_median,a_skew,a_kurtosis,b_dominant_freq,b_total_power,b_band_power_low,b_band_power_mid,b_band_power_high,b_spectral_entropy,b_spectral_flatness,c_avg_time_between_peaks,c_std_time_between_peaks,c_avg_time_between_troughs,c_std_time_between_troughs,c_mean_peak_to_trough_time,c_mean_trough_to_peak_time,c_oscillation_rate,d_slope_magnitude,d_poly_mag_c0,d_poly_mag_c1,d_poly_mag_c2,d_poly_mag_c3,d_poly_peak_c0,d_poly_peak_c1,d_poly_peak_c2,d_poly_peak_c3,d_poly_trough_c0,d_poly_trough_c1,d_poly_trough_c2,d_poly_trough_c3,d_mean_magnitude,d_std_magnitude,d_initial_magnitude,d_final_magnitude,d_mean_peak_to_trough_magnitude,d_mean_trough_to_peak_magnitude,d_initial_peak_to_trough_magnitude,d_final_peak_to_trough_magnitude,d_initial_trough_to_peak_magnitude,d_final_trough_to_peak_magnitude,e_autocorr_lag1,e_autocorr_lagk,e_hurst_exponent,f_early_mean,f_late_mean,f_early_std,f_late_std,f_early_autocorr,f_late_autocorr,f_delta_mean,g_asymmetry_index,g_sharpness_index
Mov. 1 - Cell 10,0.6611892030627047,0.06991516882249946,0.07054438140910259,0.671039272225153,0.6356543359649302,0.21030476508474305,0.4821052631578947,0.020995656548995784,6.860643796199376e-34,0.0,0.041655205437402795,0.5700122876873506,0.5025302771733576,0.4893617021276597,0.39940066935947827,0.5108695652173914,0.22074894297033995,0.5,0.41666666666666674,0.3943217665615142,0.8925691270521725,0.25897630858047704,0.27227137784156213,0.760754135168159,0.2943891714536504,0.4576273421767989,0.1759528111826762,0.8570373669883065,0.2066824473783564,0.7377188920763176,0.6446292460903529,0.19720438574458807,0.8028491902950031,0.06343892224993697,0.09723301848440305,0.06955830152578445,0.24596910266243008,0.055989394930534286,0.0709700284682914,0.02485046491460191,0.18026172683577169,0.04875867386276027,0.2010332366650977,0.5262602949611082,0.543980656719484,0.1091228016617376,0.6913364877392372,0.705100470332459,0.06967454628950417,0.07420846268897052,0.32364700842329924,0.37143994074158604,0.49594455438174195,0.2342704149933068,0.07855204311761775
Mov. 1 - Cell 10.1,0.869504765558375,0.15036283208285847,0.13210819082873576,0.6279600304576594,0.7988480806225299,0.22357576687376968,0.05052631578947375,0.054254255315249786,1.437230407790915e-33,0.004250609637922886,0.10145511908983615,0.8078696130486631,0.630996689987264,0.6028368794326242,0.8653662607511968,0.6956521739130435,0.8797974631288158,0.7272727272727273,0.36363636363636354,0.24290220820189257,0.6554554054043127,0.31442923031617354,0.30676969867116166,0.7005948431268634,0.35478051368306485,0.46681675866968186,0.2586145510443951,0.7511531929892346,0.30969543035864067,0.6796324843551564,0.6282788926658106,0.25904628255564693,0.7389229537081645,0.10988765433444936,0.17019153867261338,0.17463323579305595,0.11778678645776272,0.119442399306179,0.10027719162828361,0.19036993683434797,0.18304038171420567,0.10793123462712843,0.03300891271010173,0.7291588228461251,0.07232575560502454,0.4273286246620174,0.7965372616006459,0.7667791374726889,0.13275285521839092,0.17569042818410205,0.5191320858151616,0.7231079654950145,0.45705046322409715,0.06436271401395055,0.10834766764777214
Mov. 1 - Cell 11,0.7262557589032284,0.09078479336151449,0.07760387692142927,0.6389148357226961,0.8529849982560767,0.2332836659017814,0.22315789473684222,0.028688175533807075,8.735491249679387e-33,0.002940418953714335,0.05053284622241444,0.742562795339198,0.6729175440483864,0.375886524822695,0.3730786739062204,0.40217391304347827,0.3597909083637415,0.41666666666666674,0.33333333333333326,0.3943217665615142,0.794024486117224,0.10583852747144341,0.49420256467593016,0.5384462785456854,0.5033025487300924,0.19090203651076387,0.5013320242555898,0.5106557517457926,0.5361667733016314,0.7726282802001327,0.5367974532703811,0.35671500077352514,0.6510655071092599,0.03525045096272966,0.0462013945730711,0.021895871157425417,0.15589350279390812,0.02928264156338134,0.04128862948705725,0.0,0.10538188962565358,0.042259573374453976,0.09601661074080267,0.6257590825917777,0.276893296461372,0.8869027891711754,0.7450410153125286,0.7433835954064554,0.11721647843682362,0.06481393018824891,0.6302483354024966,0.4219061296830517,0.48000657556000925,0.23068745570517368,0.11481976988647204
Mov. 1 - Cell 11.1,0.9110897871012078,0.2835134289629804,0.27042657440434587,0.6256922840896308,0.8935963546154135,0.402606776944578,0.7410526315789475,0.13069707423286608,4.800005455424944e-35,0.01976263787342379,0.07544980378635624,0.6503133566746655,0.6635512461493761,0.49408983451536637,0.7790000794745656,0.5652173913043479,0.8363102365668521,0.5,0.41666666666666674,0.3943217665615142,0.8621096702155168,0.2586387081255474,0.4474236145061986,0.5078431097856304,0.5915613615995533,0.3753012282006396,0.5011799913018385,0.37850109036840573,0.768776078214948,0.7106893828076011,0.5309402102312581,0.42830356632258193,0.534844580733961,0.1960730607507956,0.26475360613614296,0.19745229954259313,0.7067163361455026,0.1733683621296343,0.21897843535580488,0.2179183357364259,0.34111497035399785,0.12483353420357775,0.6421098981187653,0.36173248134725494,0.32438338858366594,0.7641515734017943,0.8027614879713134,0.7667791374726889,0.1533948699415056,0.35582972171551064,0.49986392502497357,0.2990283044102967,0.4526459686995681,0.2342704149933068,0.36257788310844397
Mov. 1 - Cell 12,0.7481581960617305,0.11197581209723781,0.1363883823253793,0.7673313568614688,0.5085584180295535,0.3330027578995576,0.9999999999999999,0.03716968645686035,5.246970252810533e-33,0.0045876373273840065,0.007896305350420782,0.19207280607375132,0.20131859767246785,0.2100381887615932,0.2912371447098555,0.214046822742475,0.21650435003613847,0.3846153846153846,0.0714285714285714,0.7392218717139851,0.718329323127293,0.25617315594674805,0.33477024851021264,0.6796485609257589,0.37294238982936284,0.36378487016862815,0.3381869965473863,0.658823971201792,0.40766979893606414,0.6355811870688359,0.7133201549164596,0.15068113964898422,0.8409886865460307,0.04327048450926135,0.09361771351323847,0.10047980234229588,0.03811548153829296,0.030387402947652048,0.055389025142557224,0.03521246689006302,0.09152019085710274,0.07639167309175023,0.08701659555730992,0.021131473175248106,0.5611852928241109,0.6056789701933349,0.72598527700403,0.7561455339941645,0.17511026900776203,0.045173080209851516,0.13019805498221704,0.09082852916805262,0.5008467584350166,0.047188755020080464,0.19035205076258543
Mov. 1 - Cell 12.1,0.994775843249883,0.31444668982263646,0.30694595866823043,0.6892553540365292,0.8305860315848975,0.383324052473408,0.4821052631578947,0.15227449077871272,1.7893394834960605e-33,0.01584422241588667,0.10150042592219106,0.7935445469701681,0.8227348525726278,0.6028368794326242,0.7805219742032864,0.6245059288537549,0.8113342488556675,0.5,0.5454545454545454,0.31861198738170327,0.9238701985036368,0.340928914667687,0.3216438221207605,0.6525183841293446,0.4423787739193895,0.5181811201857589,0.22322863158938536,0.7771121905530168,0.31321197820380775,0.6705149009457545,0.5890418147155986,0.35184297273212634,0.6103226076267224,0.27123297119621864,0.32840534360878887,0.22027136329213176,0.9353522515613014,0.28000687582007344,0.2614708721679476,0.24546673463851196,0.45481528260183157,0.14173583378003318,0.4560741561774039,0.4047317275345378,0.2111994211747485,0.34132007436608625,0.808985714341981,0.6795765931570381,0.17414822256758014,0.2519321269252208,0.4832936245129423,0.09139389987401958,0.39798031278225965,0.32840452719970803,0.23662257088501965
Mov. 1 - Cell 13.1,1.0,0.20599954037170023,0.12022168783052355,0.6938746558688198,0.6486913818224319,0.07664266072867201,0.4821052631578947,0.08295137253819002,2.48855608553554e-32,0.02383315881902499,0.08059593281108005,0.335628593345469,0.5743374287280988,0.6595744680851063,0.7519931610636816,0.7608695652173911,0.8433034802834939,0.5454545454545454,0.6363636363636365,0.24290220820189257,0.7198794200732177,0.38911309969503016,0.26252556001744926,0.7194674931081382,0.359747298375044,0.5179562496272743,0.2688631622603887,0.6991720870044795,0.39368223029253957,0.6007417524827763,0.7109193580742106,0.17711356406401382,0.7934600813732653,0.20535901813577445,0.17662218742806868,0.2430904270416741,0.3533559767722144,0.21227121131931675,0.1984100419780844,0.2730151335405957,0.38547521313545957,0.15863813335648697,0.34504866309348464,0.4465110075299232,0.5310581754580169,0.6691685641324956,0.8152099407126467,0.8156985567143433,0.19499058860063176,0.17811791616379002,0.4689206944285525,0.1660557496190191,0.47203279486486643,0.3596739900779591,0.1684481788546902
Mov. 1 - Cell 14.1,0.8502129408937016,0.19335328951169597,0.1349327309581223,0.6669846185424575,0.7069830681716449,0.1359483584362589,0.8273684210526316,0.07601950506006427,7.147399293459248e-35,0.005087482113188951,0.07935004481994336,0.6350693358202495,0.6671972862194563,0.49408983451536637,0.7790000794745656,0.5652173913043479,0.9233491602026446,0.5,0.41666666666666674,0.3943217665615142,0.5820542272293991,0.386971394293991,0.2902841441722317,0.6865748452955193,0.3847464638308591,0.5531214979594803,0.2282256904883009,0.7564195264072487,0.31558433004870834,0.6308132487824125,0.6322917071507869,0.28863461700192555,0.6922253130725167,0.1503987297933666,0.1966107391251748,0.26590949079121123,0.19053358168072765,0.16586820840461813,0.13482520681418278,0.30056353244267386,0.13589095884643732,0.17554043293293642,0.12001791652115809,0.462493420710129,0.32054807617894004,0.3948296570633427,0.8214341670833143,0.7667791374726889,0.21590517431712467,0.14492761371032029,0.45635425138546815,0.5618211820203595,0.4394324851259801,0.2342704149933068,0.1884816825903295
Mov. 1 - Cell 15,0.7262557589032284,0.12814558189849415,0.08465742258503063,0.6068107054380043,0.803248423038253,0.13281147431812534,0.913684210526316,0.04409596146676861,9.862240291935854e-33,0.004822957224459947,0.042639494075052936,0.7539744072568637,0.6787216295632973,0.375886524822695,0.29394455690362686,0.40217391304347827,0.3597909083637415,0.33333333333333326,0.41666666666666674,0.3943217665615142,0.7784086924823937,0.13922780426509196,0.505331399271759,0.50682381062947,0.5481913273652687,0.31459413407417425,0.43044064269852134,0.5551441901508882,0.5128200771648479,0.7944425506232458,0.48107516263877526,0.43246574527024495,0.5748414296340721,0.09335587237334525,0.07753062779960415,0.06569576228923073,0.28753807384682795,0.09023839745616952,0.09651952518145943,0.09940709960883742,0.21909272708135985,0.1056427653559495,0.1920408132278585,0.5437265798858832,0.3213298407350693,0.7269898291802834,0.7589005310184458,0.7433835954064536,0.13285702481194964,0.10661309501634422,0.6065835602017414,0.3842195890036825,0.4701990657742101,0.36370481927710885,0.11481976988647204
Mov. 1 - Cell 15.1,0.9109358967987617,0.21260014629661747,0.15052420515892495,0.6687361755774468,0.6692268105660487,0.11235058276739998,0.4821052631578947,0.08666497561246832,7.935243350349511e-33,0.008417159706841629,0.06719443725236146,0.2752145191952584,0.4435576116883717,0.6595744680851063,0.7964689245055255,0.7608695652173911,0.8433034802834939,0.7272727272727273,0.4545454545454546,0.24290220820189257,0.6315806441331513,0.4055695043280337,0.2895669927283532,0.6719276219094151,0.4151738331764761,0.5611137620303466,0.2523151881449597,0.7053545190873898,0.3905820166599547,0.6120326725484697,0.6422930203071879,0.2902795258257699,0.6768001912606949,0.20852389781543518,0.1975103574710811,0.2887285545407524,0.3602892516708669,0.21864752089547246,0.19833769304886975,0.3281119313447618,0.31421253903097934,0.1924427325093937,0.28204855680903723,0.4250548317443178,0.5747787921678515,0.40701830007942186,0.827658393453981,0.7029721352232725,0.2368791208714575,0.1279950070781535,0.4452866688203781,0.3300948145683541,0.3982513797443331,0.12206721623335459,0.2085151863259681
Mov. 1 - Cell 17,0.7645292066366309,0.0589891814964818,0.054084124911123896,0.671039272225153,0.5866504712427405,0.09739762246679086,0.30947368421052646,0.01722969661137169,4.51018234121764e-33,0.004378084967461054,0.019840608045692956,0.583536345842059,0.717068575655463,0.4326241134751776,0.42466849183292,0.4466403162055337,0.27643863373823596,0.5,0.36363636363636354,0.31861198738170327,0.7954526235872037,0.2907906414155396,0.2634520529554406,0.7674319039679942,0.27793829989851576,0.41898754861839205,0.21589525679593208,0.8368020136571448,0.19751319032717124,0.6624354390263696,0.675489957517179,0.1993961241580466,0.7875478129445411,0.06140611298430318,0.058984682512466274,0.10820977010557593,0.18360468938314842,0.06763244423457643,0.05452697726223879,0.06419725269398935,0.08597340630810772,0.0,0.08701659555730973,0.5205968615224508,0.33043154883521275,0.4355524825397534,0.8004768865619241,0.739129615877216,0.08521972860031218,0.024880888450908648,0.4645210072920369,0.30217806909768335,0.43832620980999054,0.19550930996714133,0.057406062459385884
Mov. 1 - Cell 18,0.6898948941105232,0.5462352588538703,0.34802747640141224,0.7352069203590137,0.6058795269725832,0.06758780347835537,0.568421052631579,0.3597697017160424,3.0761381056185016e-33,0.009202322826586028,0.1813004858421251,0.3268022846168419,0.121604394939406,0.30605564648117856,0.2856403611411532,0.31438127090301005,0.29261919795728486,0.3076923076923077,0.2857142857142858,0.6214511041009461,0.5479393842562637,0.5259026853247772,0.08880690496411481,0.9999999999999999,0.0,0.6468561072696346,0.0981523761023631,1.0,0.0,0.5708659674476886,0.7328782421644456,0.03860447128960359,1.0,0.4760078181059575,0.49069951489307395,0.41352638423953625,0.13164018845184608,0.48050622011450833,0.47197116229910463,0.4245512637450448,0.13311581237062764,0.35917347725520427,0.10201788615417304,0.1754691724123265,0.18478007452667344,0.33746189174593444,0.651493667446136,0.7476375749356912,0.3859409500921367,0.12314281034309957,0.0,0.39247256435864986,0.548656042381346,0.2767540751240256,0.46228737433584305
Mov. 1 - Cell 20,0.6898948941105196,0.06610288136952724,0.03997405865955843,0.6709986597896247,0.5422071651154152,0.08086393105088614,0.913684210526316,0.019661238741048328,3.759016313046663e-33,0.0005106525607898499,0.01276494185075271,0.549052079889055,0.5175694973066385,0.18946301925025333,0.20486678765459784,0.1925465838509317,0.20795557907059495,0.19999999999999996,0.2142857142857142,0.7728706624605679,0.7893870975695795,0.1384724114613018,0.4434572653407213,0.5980013731226005,0.43784643441442567,0.34436223307236924,0.336390532313345,0.6852330833210001,0.3620002633027101,0.8562580538832141,0.46403516380583804,0.4068826078492407,0.6260624362226074,0.04162191257770653,0.03991834197251351,0.05410488505278789,0.079666922318396,0.04201496319850276,0.04118282723675304,0.02692810526012393,0.08318422622180137,0.008133641737342434,0.07499506536493539,0.19777225103635754,0.4248883478212765,0.0444566996589022,0.7069295386955323,0.732749991927931,0.07855598235329983,0.03733798568377186,0.2773042371804494,0.12821207520159406,0.5008467584350158,0.3082329317269077,0.05136271549252684
Mov. 1 - Cell 21,0.6363159408694585,0.09358567115652619,0.0799659668652923,0.6549973601916896,0.6402976355516891,0.09732740082803354,1.0,0.029770451574088082,6.860643796199376e-34,0.0040482220537019845,0.02136246157669417,0.23884611097672792,0.5232249775415827,0.0,0.0,0.0,0.0,0.125,0.0,1.0,0.7917023583821345,0.187967852627681,0.38402471539967564,0.6538857394159128,0.3859710353515727,0.4133688042150734,0.2553567562973415,0.764795421007582,0.2958119287113028,0.7937141758787185,0.535769613794062,0.3278828245862424,0.6970449420352104,0.053707638595747925,0.035117062425917306,0.07088003963584551,0.0899835652459734,0.06059575537293188,0.046786478731925984,0.0662775130147267,0.06929095182963206,0.0016242611153945291,0.0449773006787019,0.10340105395878507,0.7765417437454534,0.5132049369117182,0.7381222153309395,0.6710820875442609,0.09087087724890125,0.09501048448198937,0.03480620255258793,0.5507295178167347,0.44322996470288967,0.1733601070950469,0.07252016360230863
Mov. 1 - Cell 23,0.6535364503088701,0.09407574247940484,0.09171096824863233,0.7512894448280036,0.48630458643626207,0.17462860181536033,0.6547368421052632,0.029961031384438664,3.0761381056185016e-33,0.0006442431002743322,0.045216514406684935,0.4278455008768236,0.5221380428811013,0.3900709219858156,0.41642066128329447,0.45652173913043503,0.4100735681608645,0.33333333333333326,0.46153846153846145,0.4700315457413249,0.6372234991083776,0.20983060856135027,0.4550237287886146,0.5408060482815481,0.5169542339123993,0.39993699183458054,0.33877528051693534,0.6349813767501903,0.444218444332807,0.7685726815932372,0.4608489123548515,0.46957683774124637,0.5449907471291221,0.08049077046964476,0.10778454631122444,0.10692225702672485,0.15588912019283455,0.07379534122070941,0.08679403913960765,0.16982155348810404,0.055467845489948694,0.1462739655615523,0.0660102336739497,0.30533315227541147,0.2930063528471881,0.51342569635742,0.6722829410050117,0.7221163884494093,0.15652736249459306,0.03404268592949582,0.2828059167449242,0.1298508619071807,0.5192350638635763,0.40060240963855454,0.10877260043576316
Mov. 1 - Cell 24,0.8315083454178556,0.03519482314633143,0.04232722383033387,0.7031230962920834,0.6053597144050628,0.12335503076378382,0.568421052631579,0.00964978481869989,8.735491249679387e-33,0.0011627316025277616,0.02713737310851658,0.7014234572919222,0.672164915829704,0.6085106382978724,0.3507825369939054,0.6956521739130435,0.7256654533819864,0.5,0.7272727272727273,0.1671924290220821,0.7148400098540836,0.10974013698310064,0.5367526227747513,0.47319413180195913,0.5795104834106493,0.2904202201488493,0.4532790981213583,0.5266570526080502,0.5395298711130249,0.8286756382341283,0.4413825716565777,0.4795258054188725,0.5350872588593878,0.054402528345717405,0.07740892857370135,0.03864168999944578,0.12819546400788867,0.05434630230512946,0.054527930026928406,0.10976386163386856,0.07765498368592795,0.0780138781804162,0.09602040661392924,0.33757229532364497,0.2651488776233267,0.17153867660512745,0.7242517417536538,0.7816667204804482,0.03808527365204456,0.02666082897178848,0.5857279992242205,0.419840909649787,0.5167831864171264,0.46129974443227484,0.06949275639310394
Mov. 1 - Cell 25,0.831508345417852,0.10365080116160255,0.07289457165551545,0.8154773991796276,0.5082371733228952,0.10510823523922729,0.4821052631578947,0.033757099118907785,3.019453879415969e-34,0.009104924033184282,0.014695162425837457,0.5621403391215707,0.3466326285623772,0.28605200945626486,0.21707233394100586,0.31438127090301005,0.29261919795728486,0.07692307692307687,0.5384615384615385,0.5457413249211354,0.7701510450902214,0.3354932575124193,0.26792870751014797,0.739992510527347,0.3208511408425435,0.515198275989877,0.23495937435072292,0.7466449515744233,0.33455958437589717,0.730136947548907,0.6207636197227069,0.22880563718293462,0.779723526289577,0.11114667122505373,0.10869320885127584,0.16746796700055072,0.1177824038566887,0.10498198997676977,0.11738152344821443,0.10147950000392988,0.18857664105532734,0.10564276535594962,0.2310320219856969,0.4033230653444233,0.2663692466799257,0.3546948401664225,0.7831524919295276,0.8178242011343935,0.10336282845506573,0.09254853091848414,0.43592173859077255,0.3495175754987083,0.49594300354211823,0.7650602409638558,0.07855204311761775
Mov. 1 - Cell 26,0.7663900327143054,0.06164002791426498,0.0376238684131454,0.7031230962920834,0.5746694488697149,0.09277218323948977,0.5124324324324324,0.018126885642335864,7.239431698877068e-34,0.0024443813698456587,0.0,0.5991113826073429,0.2581724876413072,0.4326241134751776,0.4246684918329202,0.5059288537549409,0.4118581886778301,0.5454545454545454,0.33333333333333326,0.36772103333617534,0.756499444314304,0.21721345941858305,0.3897991623877244,0.6286955424432408,0.4216979366319763,0.4404548775635777,0.2835873878570469,0.709267879618777,0.3608449541977818,0.7298025565947808,0.5975746543358567,0.2747786395725461,0.731972471525657,0.06284121070559642,0.07251378586808702,0.060547339737216724,0.14550673824915078,0.060098465517967936,0.06544772492972009,0.05177595019951092,0.15252780409079764,0.0715147776921098,0.1290217275777774,0.47622376479308237,0.23719738856545702,0.2899531404635092,0.7987433513115478,0.7391296158772169,0.07999409815200556,0.05166451086221499,0.46461635151380953,0.2687124468925008,0.43955292395302814,0.14469643278998345,0.057406062459385884
Mov. 1 - Cell 7,0.7645292066366309,0.0589891814964818,0.054084124911123896,0.671039272225153,0.5866504712427405,0.09739762246679086,0.30947368421052646,0.01722969661137169,4.51018234121764e-33,0.004378084967461054,0.019840608045692956,0.583536345842059,0.717068575655463,0.4326241134751776,0.42466849183292,0.4466403162055337,0.27643863373823596,0.5,0.36363636363636354,0.31861198738170327,0.7954526235872037,0.2907906414155396,0.2634520529554406,0.7674319039679942,0.27793829989851576,0.41898754861839205,0.21589525679593208,0.8368020136571448,0.19751319032717124,0.6624354390263696,0.675489957517179,0.1993961241580466,0.7875478129445411,0.06140611298430318,0.058984682512466274,0.10820977010557593,0.18360468938314842,0.06763244423457643,0.05452697726223879,0.06419725269398935,0.08597340630810772,0.0,0.08701659555730973,0.5205968615224508,0.33043154883521275,0.4355524825397534,0.8004768865619241,0.739129615877216,0.08521972860031218,0.024880888450908648,0.4645210072920369,0.30217806909768335,0.43832620980999054,0.19550930996714133,0.057406062459385884
Mov. 1 - Cell 7.1,0.7365809351130359,0.10458172511505506,0.10167534387762643,0.6707781467073453,0.3892944250982623,0.30182069888249724,0.8273684210526316,0.0341335250414781,2.17986045836904e-33,0.056328680707120445,0.07352235010673909,0.809289522417671,0.7689983210255992,0.49408983451536637,0.8571351730554123,0.5652173913043479,0.9233491602026446,0.6666666666666667,0.25,0.3943217665615142,0.670182396221641,0.26125754457834927,0.3423084594160195,0.6795563383291005,0.3658313461692311,0.3527485035399014,0.43112217484414656,0.5227989101820086,0.5559371245260454,0.6591399234898314,0.726470514889047,0.09216196561115692,0.9136837504078711,0.06658108673135146,0.10856656778274204,0.12899510829397332,0.0,0.07214863811419678,0.060990769355598745,0.1352731390301766,0.0,0.07412663547422042,0.0,0.7265308868786935,0.11191037496981042,1.0000000000000002,0.7840888088593125,0.7731614521111139,0.0919356510055537,0.03289737242144562,0.5685230351320184,0.6281156265273177,0.4695380438626421,0.02108433734939763,0.06828066017649155
Mov. 1 - Cell 9,0.3626519529582488,0.6835907942579939,0.4256343282472041,0.4944564025504601,0.5532178764084063,0.0990711731631019,0.8273684210526316,0.520873594248939,1.5412759721687877e-32,0.0358441470018244,0.2615714320205347,0.6462752344336087,0.6055085183000536,0.31914893617021267,0.30919384896358315,0.45652173913043503,0.5348474864093512,0.5,0.33333333333333326,0.3943217665615142,0.14113907811449966,0.5802852733303767,0.3700111457324852,0.5496074252740345,0.5398657024200113,0.6649324129079157,0.4643242280146888,0.37581891634222786,0.7644691404128339,0.41126924293059997,0.6938862089272579,0.23842650012886007,0.7396344921677166,0.6819507602548476,0.5406682455597761,0.6119240008735527,0.5716051276432559,0.6518322770141181,0.7123179421502237,0.8677436511450595,0.5934743711188296,0.6354602929838084,0.5580920423315769,0.3172657633351099,0.3037608321188622,0.3366149731724337,0.739842601135674,0.5200617782226384,0.5829926742368956,0.11675578915249638,0.48586975728803894,0.718289067802716,0.35496857998920694,0.1733601070950469,0.528764190971293
Mov. 1 - Cell 9.1,0.9963263034299992,0.19070809138177655,0.13168205198382826,0.7462935775497073,0.4876631144381901,0.13140967760379946,0.6547368421052632,0.07460000580759242,4.800005455424944e-35,0.038575776388494215,0.03891831858117506,0.7353674104768197,0.528274078771168,0.5460992907801421,0.8043503884066604,0.5652173913043479,0.8363102365668521,0.5833333333333333,0.36363636363636354,0.31861198738170327,0.8028641124367906,0.2637290807553933,0.3790463144649332,0.6098224490795696,0.4667933789344745,0.42057325174382676,0.3264986021694156,0.6503443535443524,0.44180085127124785,0.7307372189222099,0.5412773187774106,0.38882769285758867,0.5938788726660356,0.13760309248669927,0.18548280355193242,0.15181417204351472,0.28059603374602804,0.15076159819928253,0.12307140029396083,0.16282153793226037,0.438164403746974,0.09102893505067082,0.2880346487299006,0.5288040198573227,0.35118932178520756,0.702725217286815,0.7903130352299792,0.8922648068623324,0.11225245261045794,0.25009487983208106,0.5417422255597574,0.415642327035674,0.5337814653198253,0.14305067158586504,0.1843048813118764
Mov. 1 - M,0.7607016197641912,0.47720576204812737,0.3339203850742094,0.7031027900743201,0.6766761087268737,0.11894239117839708,0.568421052631579,0.28952289999390096,6.449983249193261e-33,0.0034499412731092667,0.19602525268515378,0.6175262696697672,0.3972575011152121,0.3380614657210401,0.29092778363160665,0.34782608695652173,0.2981612620668934,0.25,0.3846153846153846,0.4700315457413249,0.6206897084013198,0.2952170247127453,0.44402687487181874,0.598197471048043,0.4253061956544571,0.5737818061513389,0.30170135175307233,0.6881405424751882,0.37025934519974324,0.7571417555328654,0.46066878960119045,0.3847938121933312,0.6726661104592397,0.4706155595309388,0.30559599968905565,0.22029022826466044,0.388000438260107,0.4744460280809068,0.46723620447970937,0.4763272139445559,0.39102901448970295,0.3510501156515032,0.3510613261262353,0.38117252639975474,0.331432545111982,0.47552146709119536,0.8559105662370445,0.6604350306200404,0.4099991463353203,0.16012917614363462,0.35557897023247453,0.4815503234388533,0.3537418658461693,0.413253012048193,0.42301135277703444
Mov. 1 - N,0.7721843803815247,0.7063392990476441,0.5149891564006984,0.7512894448280036,0.6353891263033601,0.15551003461676655,1.0,0.550295200938193,1.437230407790915e-33,0.017580843375107597,0.19089804182255862,0.24728075479833844,0.24674993415388569,0.2100381887615932,0.2912371447098555,0.16387959866220747,0.2095927923936682,0.15384615384615374,0.2857142857142858,0.6214511041009461,0.12173807624414579,0.49278398304948906,0.522459393223886,0.3432445324297416,0.7870773833480722,0.9973637021496398,0.1362634873772855,0.7025838258217606,0.4395686538081725,0.8417403208953935,0.10601499940911263,0.9879288518561682,0.0,0.6162841742388657,0.6618856428059317,0.6531456063208739,0.7656053467733102,0.6379251200251661,0.5962388996845445,0.8594592895151209,0.5241448268603307,0.6208337188383447,0.4920818086576274,0.04098547493558535,0.8575463212738849,0.12505492823391728,0.8940242344283167,0.6157695909076217,0.6296434919652587,0.2516224586393953,0.11772945706156623,0.49728051144111673,0.30102727616731706,0.4204819277108438,0.607323879056611
Mov. 1 - O,0.19265076742953013,0.9251502771790929,0.7830685154829938,0.6068107054380025,0.3900960013141045,0.38235827524554383,0.7266666666666667,0.8730559268825218,8.024708101613482e-35,0.16449659898677255,0.4439694538469757,0.7277541084617871,0.5949980735843591,0.3900709219858156,0.18551486445009244,0.38735177865612647,0.3842685291493615,0.33333333333333326,0.41666666666666674,0.49947423764458443,0.307626674588488,0.5610550340500469,0.2996199879935366,0.6501505796095787,0.42748012186076184,0.4607915705706045,0.6599100636610079,0.1569842065916306,0.9933025543160874,0.4856798216003344,0.7201882526362408,0.138331737711094,0.8635651093929249,0.6186890437754938,0.6642686655093272,0.5075751402411395,0.42956940944450517,0.5977264949119061,0.6398284286753839,0.8325390441806415,0.3743816440374697,0.7053466975070671,0.519078058334978,0.32357377677383203,0.168351176342931,0.5078774647339142,0.8559105662370445,0.2669594136450213,0.7443456422943987,0.7160484622329324,0.021399521977141234,0.4253911674911103,0.12695328250714932,0.36370481927710885,0.7795497114024693
Mov. 1 - cell 16.1,0.8606612543939463,0.2516169883765591,0.18241197577200685,0.670487732612413,0.5744774926860593,0.16746671858280474,0.4821052631578947,0.10995542620531583,2.0804963442022475e-34,0.0279336149133347,0.07859511005967451,0.5526657362428145,0.0910936259077203,0.6028368794326242,0.7805219742032862,0.6956521739130435,0.8308650381843382,0.4545454545454546,0.6363636363636365,0.24290220820189257,0.5921906883933279,0.47885554936349706,0.18172780969648394,0.7966249209377874,0.278803125871986,0.5683229626540429,0.2775566083637617,0.6566662666511645,0.45153274574668983,0.5024118807913462,0.8452051411866885,0.0,0.9717721415191476,0.22401949701140228,0.27466509316493604,0.31154761829029115,0.11431576640736288,0.2327044540959653,0.21528312003117014,0.3556603302468425,0.31892432375539426,0.2093450320858451,0.32405368882950447,0.45049767874372426,0.29376889696181063,0.4631380686359503,0.8338826198246476,0.7029721352232725,0.25790242566612354,0.2129135433507235,0.4354737196706723,0.39317474861269225,0.39384688521980404,0.43222891566265065,0.2285486900616076
Mov. 2 - 15 (purple),0.6601630571428707,0.4024642731718072,0.30805341774185396,0.5426227510863804,0.6895931134797323,0.13712391758367554,0.88,0.22154728161358456,8.447345910812085e-35,0.05395980777400962,0.03585857235535944,0.38757240648511626,0.26500177990647367,0.4500818330605567,0.4880378387093377,0.4147157190635451,0.7556451947004136,0.3571428571428572,0.46153846153846145,0.46633838578133413,0.7143053731278018,0.2822687512552969,0.37460025294407506,0.6854653228230767,0.3392408684990824,0.3087842869747508,0.4956328783833299,0.5478339553548279,0.460783935351825,0.6649838464972779,0.6421450177699446,0.1911809904192731,0.8154682304460668,0.3568246450733039,0.37608775942122347,0.13268718647426764,0.07275117782403806,0.3448136593492759,0.3697409664159508,0.2360938265524006,0.17749008876258632,0.33967617579028514,0.15602556900138143,0.29778008783249954,0.2134725748106293,0.58995696957366,0.6376341517402206,0.5285697372811127,0.24296935519637983,0.21928494226512668,0.486212906746768,0.31642513582770865,0.43219884245330437,0.3795180722891567,0.3384083177248576
Mov. 2 - 15 (white),0.7665819118162354,0.3573508988487508,0.22104580491041015,0.6389148357226961,0.549078429854072,0.10900983638735291,0.8000000000000002,0.18458543536661268,7.503141856428901e-33,0.015524445623614712,0.08466131298943465,0.4934037282870207,0.44070123723927945,0.49408983451536637,0.4959031195137963,0.46488294314381284,0.3157196205909155,0.3846153846153846,0.46153846153846145,0.39616834654150956,0.720762337992427,0.3076366183424543,0.4126919953433816,0.5777488412080558,0.48976115057326974,0.4105122371990504,0.3779635603996434,0.6227709480316315,0.4413568040652979,0.601934130271216,0.5838336265444853,0.37807892251780495,0.5882125542529668,0.32568294034423595,0.20823457321318917,0.22930444958000978,0.6131740988276536,0.32308891976183907,0.32831351178464496,0.30236085966626725,0.39380065256288804,0.27791313287072705,0.2820409650627835,0.22537634243090288,0.4069732973330976,0.3601751225291714,0.777954077752673,0.6583066955108539,0.32079126323524876,0.2397147077672659,0.16142110115025154,0.2860280676247256,0.4076800679888094,0.3560910307898262,0.29912847368219864
Mov. 2 - Cell 1,0.6249472843719097,0.7124553499591247,0.4904147600899665,0.6069883701027798,0.49406716399155415,0.15642618601734132,0.9600000000000001,0.5583381571096407,3.384103583935748e-33,0.029424368351803756,0.12257303575061204,0.5530880624028507,0.4379953443845709,0.5460992907801421,0.34084317900962546,0.5652173913043479,0.35048057676907673,0.5,0.46153846153846145,0.325998307301685,0.2501033550742151,0.08812475248139065,0.9999999999999999,0.0,0.9999999999999998,0.315571206729655,0.8384229785669022,0.05043357424157102,1.0,0.8621291666066875,0.0,0.9999999999999998,0.11754243226456174,0.694205743080703,0.6395032525188651,0.20818629056672777,0.45635685925411595,0.70099052831658,0.6881413392712493,0.8204389464799106,0.21028331544871814,0.45079731092936465,0.2694338151743721,0.19351145886553645,0.4207209698982445,0.21431105927983407,0.7554377520854949,0.6308532412840302,0.7307792511201986,0.13637410390907778,0.002881621590579586,0.20531784264775288,0.4077900389839923,0.26706827309236947,0.5939672730813782
Mov. 2 - Cell 11,0.5342317230750808,0.7089995449720763,0.47030876739958866,0.6068310116557694,0.5834606434997562,0.11414458735759297,0.4,0.5537866601607834,1.2338446192564107e-33,0.04973570692892094,0.38184334889326765,0.49072982433957213,0.4151219174285451,0.773049645390071,0.5172670534867198,0.8023715415019765,0.5956913721991486,0.75,0.5454545454545454,0.18565822882203564,0.43219466995259903,0.08374512652542193,0.8121015902628018,0.2926442331538599,0.6609941256086032,0.42292485463014096,0.5372845678587894,0.5195632357524526,0.4452924640714359,0.9806181966944802,0.031868335491485655,0.8500852887601831,0.29989579375317715,0.6928182480366929,0.5748240749545112,0.23059685194903368,0.1558935027939079,0.6778580185675354,0.7089915230302434,0.4846115755744943,0.18026172683577152,0.4826913389874063,0.30905239823264113,0.3945906041813994,0.3628833811570998,0.5479028821693024,0.43668213187578875,0.6157695909076217,0.5475088415690961,0.11388623019963182,0.5933188182166783,1.0,0.6246595907024073,0.16703176341730563,0.6194067505064789
Mov. 2 - Cell 12,0.7807719899774987,0.27511825237962695,0.15755199424054644,0.671039272225153,0.6722128085643344,0.08158708970700693,0.8000000000000002,0.12508942500575465,3.539432526357104e-34,0.013757695834200882,0.0917919837974641,0.6533131252955275,0.6038026651043146,0.4500818330605567,0.4333723966439257,0.45652173913043503,0.5903153025456027,0.3076923076923077,0.5384615384615385,0.39616834654150956,0.6300760024095596,0.35658986731188863,0.2948064997126031,0.7410703304349899,0.2966168887099051,0.4027813717694082,0.35026280913961694,0.7059089333650557,0.3143412334371005,0.5854527571186958,0.696224307261799,0.17415303151148964,0.8172795485018334,0.28093935424499,0.20266102202050906,0.22415276750121405,0.02771995179138853,0.2870580762849198,0.27478843744023296,0.25266254981227865,0.09983861347928306,0.21615831405808272,0.08101532014393958,0.4778897256862327,0.2859083856465998,0.3652342985681998,0.6705472141803615,0.7646534930526396,0.1801196816797173,0.04392348004824112,0.9655466347340069,0.49731948948700344,0.544980552471109,0.48866052445074426,0.20848591414701273
Mov. 2 - Cell 13,0.7435241567268633,0.3313426829275997,0.19517883757805454,0.5747065751533107,0.689373393288984,0.051537252073957054,0.7200000000000001,0.16466819396899685,1.050531834543765e-33,0.05512690003735214,0.17181665884075004,0.8089302542434997,0.7421350720307732,0.6501182033096928,0.7533130581662225,0.6837944664031621,0.56883715013965,0.41666666666666674,0.75,0.2558282680618602,0.854708042617901,0.16865860762433865,0.5370238552539418,0.5124936380288724,0.5178748229103912,0.3820353399004963,0.347189942902785,0.7228288331737045,0.30260330245597833,0.7863158462988307,0.3855100513356028,0.5305401155947833,0.501874709848276,0.4000295118462268,0.13932752404330667,0.15072540768531212,0.5196450093130272,0.4107575606607374,0.38922956048996615,0.20503140040295195,0.5518787496053049,0.1690280133641736,0.47407798241751564,0.4731071029160397,0.16628877105096834,0.5263462493269473,0.6965349019160936,0.8305861397221044,0.1807548712417231,0.23673640059541368,0.6582246030723305,0.14403926093156094,0.564592470363455,0.5531537916371367,0.25380146018883065
Mov. 2 - Cell 14,0.8144723036878219,0.501036425557007,0.34567728615499943,0.8636234414977846,0.5454876443419029,0.0738231850803929,0.64,0.3129634962348386,1.451485587168761e-32,0.020439233586667334,0.14625027440209012,0.5585118227676946,0.5532455698704603,0.5460992907801421,0.17304750895106638,0.5652173913043479,0.42135769441196835,0.6923076923076923,0.33333333333333326,0.325998307301685,0.6371375668116042,0.5216292397266158,0.2069816840363251,0.7949985919863708,0.2690517340971561,0.614766614166852,0.1459448415530608,0.9167314182166004,0.12474615263100042,0.4955807467879043,0.6683677495216702,0.24697378595739855,0.7315257815676333,0.5452119390837558,0.31906853938876056,0.46764104787266986,0.44343595924181034,0.5456250256179209,0.5445597406168,0.5508890885892219,0.5907027330456445,0.38680853251092256,0.7201112950000758,0.3767752542439506,0.5679409474205189,0.3419616652486184,0.9026853359573783,0.6051359874290974,0.3992761069367323,0.3536893394172394,0.4863858145724447,0.1616112882476936,0.28876943977469327,0.06261409273457474,0.374668399526012
Mov. 2 - Cell 16,0.796734705986232,0.617977302772697,0.5502658094917935,0.7673313568614688,0.7492831377351516,0.28358466649970804,0.47999999999999987,0.44037449091660213,4.6393092346329794e-34,0.03381289654174868,0.14954124201086236,0.2963650175713135,0.22575261999131524,0.23404255319148937,0.11877512584989156,0.21739130434782616,0.11689969285267152,0.19999999999999996,0.2666666666666666,0.6768485035008078,0.7346019983527258,0.11908309951675379,0.7661663667251029,0.22937927827337817,0.8194367331228094,0.21425025744483572,0.762704255042562,0.1544766861886459,0.9325016171593532,0.8534453594538398,0.1905567910493507,0.7801544920847097,0.2757036689919541,0.5299189985828309,0.5380809914493031,0.14299218039525025,0.924965487016544,0.5466360529040473,0.5130790296396518,0.43490540579486137,0.5990246640704487,0.24865792855307123,0.5190856500812315,0.21031151083820754,0.32310729391422055,0.49309948905023937,0.6878716088127588,0.8731232443253356,0.34625485324380023,0.36260736655808595,0.2252301996542353,0.1830789350871433,0.5952401630242614,0.3560910307898262,0.722143648943083
Mov. 2 - Cell 18,0.5005314093647684,0.4196293358782801,0.41622464248846464,0.6068310116557676,0.22998628673854943,0.573293808679092,0.5599999999999999,0.23641500529416204,2.240231807328837e-33,0.24988825800063144,0.12923810554599754,0.738527204267212,0.6754394391213839,0.5460992907801421,0.34084317900962546,0.6195652173913047,0.4514536760295612,0.3846153846153846,0.6666666666666667,0.325998307301685,0.9135163230489264,0.09161672946455543,0.5853424184907193,0.4717928623571617,0.5557373801425645,0.278499680755784,0.4204873212993222,0.6781466911346966,0.31139515909623394,0.8909978978553164,0.24355179876934613,0.7408571954990603,0.2753513345238423,0.32110295789964116,0.32462157829674027,0.10692062726333408,0.6686052372082831,0.3547009842946733,0.28429269274262936,0.08283837634895982,0.540781672104691,0.1056427653559497,0.15602177312825505,0.6867936322329699,0.23436772983700527,0.7953644836657652,0.6878716088127588,0.366923896548383,0.11460193615968683,0.394730801184065,0.5191423050952718,0.5694658589510525,0.3034807044533907,0.5185185185185186,0.335384732999503
Mov. 2 - Cell 2,0.3841609480428403,0.6405221859238267,0.39886851424081915,0.6390332788325477,0.7004402596569286,0.104464709473873,0.88,0.46730362924452207,8.2235611003496e-33,0.07914267928360963,0.26875102923713307,0.4048374055926409,0.4616490782931537,0.4500818330605567,0.3737943758090162,0.46488294314381284,0.44746599018498723,0.5714285714285714,0.23076923076923084,0.46633838578133413,0.33381254488377365,0.5112122563816768,0.3157487420940478,0.6780155050220256,0.3676514963562248,0.7431553575980421,0.23263220981488544,0.7307200978785398,0.32542032782708363,0.5018845564777139,0.6760378883304953,0.2033494810895928,0.792112818126169,0.5938657731018854,0.46579834763196937,0.5296741454285867,0.16588020684759427,0.6041079393141595,0.5825464064128694,0.6653937019340948,0.276721946132063,0.4994660410852982,0.25745340510387404,0.14994359662424162,0.5337205339733624,0.3131402915815167,0.570408678049998,0.48648474182644996,0.5783639832378491,0.13908523435013354,0.11915732755463715,0.6407641567849627,0.4555134525037011,0.0575027382256299,0.5276130842951404
Mov. 2 - Cell 22,0.7062785673216077,0.7758890503193684,0.49147535423911853,0.8315396174308578,0.6668288003604436,0.10406340128881172,0.88,0.6450760685260641,2.3980240152947694e-35,0.18468467499918162,0.12079032420980432,0.4797784816021369,0.42030268656956027,0.4420803782505911,0.3287809806872316,0.46488294314381284,0.5580092362144878,0.5384615384615385,0.3076923076923077,0.39616834654150956,0.4445006612204758,0.3632763110057818,0.5274478130966702,0.5360692238583751,0.4590687846611067,0.5829807206797115,0.4289028804434852,0.5697710205795974,0.45743155946882247,0.7226145752524358,0.33669824542464155,0.5078191678965809,0.5898420388380896,0.8115674349355813,0.5806152052749304,0.6157897996368886,0.5092538621671965,0.8041919749509219,0.8190063822750548,0.6627201106677529,0.45758692067501683,0.4680688768953995,0.5790946083418108,0.32755308770362257,0.28048685646128013,0.3538168887871198,0.6999975892682988,0.6817049282662255,0.5483993659107963,0.2687283458693966,0.22138609950245913,0.20232119002741455,0.4763310856497706,0.13072289156626515,0.589193838156034
Mov. 2 - Cell 23,0.8126974219949723,0.8127942938574854,0.6490303234040273,0.6068310116557676,0.5892979828915578,0.2117116548479298,0.4,0.6983252976362951,7.041193638953033e-33,0.06652204014992068,0.16017175278766607,0.5830734661423471,0.41060783844281323,0.35406437534097135,0.2742612257614111,0.33229813664596275,0.27793109788402304,0.0,0.6428571428571428,0.5365084250211587,0.6261377001522237,0.0031419107634043097,0.8822488676637668,0.20071183960066746,0.7738758627810373,0.0,1.0,0.0,0.9788857940682616,0.6930758752297026,0.40147961634653573,0.49999553806055286,0.5488650832080408,0.5932019031879717,0.7575534182487784,0.23317350787012742,0.3984003506080859,0.5761074023211585,0.6104428517878656,0.10355190039902237,0.4659123601024454,0.19503058339758422,0.4650817631071499,0.2547953401699693,0.18791215727815164,0.48109218226957706,0.7207868628271736,0.8688692647960972,0.3820992080436264,0.40926859734208815,0.24288037950946934,0.4705260340794505,0.5694962252563541,1.0,0.8490462902794236
Mov. 2 - Cell 3,0.7989210033836684,0.32908689625838927,0.1782185883480028,0.5749434613730138,0.6477009053692052,0.05037150477225281,0.8273684210526316,0.16298866404903495,1.7893394834960605e-33,0.013239916763573207,0.05198206735607247,0.27118087847605965,0.2589809522056816,0.3900709219858156,0.41642066128329447,0.45652173913043503,0.4100735681608646,0.46153846153846145,0.33333333333333326,0.4700315457413249,0.8693578378658013,0.16868181567999732,0.5077602553107922,0.5320948139596635,0.5083894425681983,0.5384181515395339,0.22658331390521533,0.8097814113197869,0.24709495390241742,0.8476149959146784,0.39362221759600957,0.5013289608245267,0.535918778473232,0.33574934540372936,0.2060315288490664,0.16060608804717275,0.6015951854573771,0.33802639951207175,0.333136687989838,0.14030714040559925,0.4400502465619522,0.06793663370268684,0.506046914066709,0.25131029484710565,0.39923267933400686,0.19735968963498118,0.7087481726559766,0.6159917781045738,0.24192432558130114,0.22159775980168267,0.3761323666824724,0.2050403823633728,0.43226358437871515,0.19900655252589305,0.21092263781536996
Mov. 2 - Cell 34,0.6424277032866641,0.7803605346458896,0.7430944568234351,0.606790399220241,1.0,0.6932468934781049,0.88,0.6514187069677244,6.81571891375648e-33,0.07051287630041576,0.2656134344025221,0.7237649795875343,0.5924214857586186,0.2132387706855794,0.11799465280467683,0.21739130434782616,0.20467655452064967,0.19999999999999996,0.25,0.7470185427406326,0.42168042990628385,0.7175745343740724,0.042615951138511465,0.8796593397489129,0.2302816762701839,0.809041437272187,0.04830775324043757,0.9067570212333128,0.20711698432943437,0.4492941736462026,0.7197415461664269,0.22760678413581906,0.7309190240855601,0.464209078452264,0.832814101198416,0.6776246524529568,0.3983959680070124,0.4573275051660724,0.47086323307422273,0.8905269556149998,0.2468196330210859,0.6939707016191209,0.31205113800276346,0.2571409302650871,0.007084427096991502,0.5869785689833282,0.6861402651366548,0.8263321601928677,0.9999999999999999,0.15376018917828474,0.2397687118230481,0.06284341843599495,0.5694962252563549,0.3408634538152613,0.9699094071327549
Mov. 2 - Cell 36,0.41007527070013694,0.7309880181463883,0.562019735648221,0.5747065751533089,0.6266318053013079,0.18009075746686026,0.4,0.583053327227396,8.030595751816929e-34,0.03988453966947616,0.30832835893999605,0.5581564315625092,0.24337545719942777,0.3900709219858156,0.2743211545417801,0.5108695652173914,0.4514536760295612,0.46153846153846145,0.5,0.325998307301685,0.15613581903686546,0.5750414377516739,0.37292993153154497,0.5699544729349708,0.4948903439245447,0.9332446474574447,0.0,0.9678406363535713,0.11393966273600875,0.4459096894804876,0.5142369141543022,0.47572556737036004,0.5318016215563496,0.622445975600828,0.6601281192507938,0.5745633048993947,0.4607516160841457,0.6480407247463951,0.5942674594049988,0.8553171087001515,0.28841876293723456,0.5964554099203286,0.27604728139566653,0.5041308607408332,0.6038647974297979,0.3844435060588325,0.564876077432702,0.7051004703324608,0.7616110125684199,0.16538808862267698,0.5590950555482999,0.5068704028767536,0.5854326532384639,0.3240329740012684,0.5922136003975381
Mov. 2 - Cell 4,0.5576687492211434,0.37878858217431877,0.2838488720200959,0.7992578224813851,0.629898315041516,0.12411052786474056,0.47999999999999987,0.2017677184896608,2.240231807328837e-33,0.0939410688369057,0.11428980915921282,0.6814249844154401,0.7519354200833898,0.32320162107396144,0.10415104897325136,0.3645484949832778,0.19544807470158418,0.2857142857142858,0.3571428571428572,0.5365084250211587,0.8700918506732798,0.03352068705264509,0.599853711078427,0.5119530991412489,0.47794490681523083,0.3355998126593862,0.375937713605192,0.7071244985463607,0.29979422773850545,1.0,0.24130996601172894,0.5956412360735572,0.5016480476959875,0.3200645246939276,0.27399831499773075,0.008863820552375237,0.24195742533501644,0.3257658237326093,0.31433345948386016,0.045212723750832046,0.3265509191445719,0.019267903546752993,0.2604485076214986,0.3324494619044741,0.3921647326807009,0.5193792832534707,0.7346868278945982,0.6096225795990913,0.2089539938440423,0.16851510368328784,0.5804910597593602,0.29842383793506766,0.41023739352346444,0.3560910307898262,0.2802929260918912
Mov. 2 - Cell 5,0.7255473072424259,0.20523944556221072,0.11718775778190475,0.8313027312111547,0.49543459488152775,0.08272838679845787,0.1169230769230768,0.08252794039436709,9.92186305718665e-33,0.008518737310689977,0.051334798836941836,0.7414826538660417,0.7102033582307544,0.6595744680851063,0.4246684918329201,0.6956521739130435,0.4705766921228922,0.5454545454545454,0.6363636363636365,0.1982528512496966,0.8786080590607673,0.16314456524236948,0.44202384912379517,0.6211972326443557,0.4077543479193022,0.20503516820147194,0.49284580184710364,0.5586489527265333,0.46491433665407456,0.6681364155371556,0.6482796020378454,0.20018315131383527,0.8004365212060851,0.2437690983059697,0.1677912388997977,0.09245066281645865,0.33878297613719055,0.24244963832216998,0.24511681537856053,0.04107818389627724,0.34869712937235336,0.06955892470788459,0.37126730077360587,0.5027976848453866,0.33881358745982026,0.30941310572019765,0.7329575842120235,0.6563300353059569,0.06370700026371157,0.16881228446204072,0.45571057865904313,0.22348237680197264,0.43838197072739543,0.3596739900779591,0.14758454851941577
Mov. 2 - Cell C1,0.7296239683916106,0.30713087597438904,0.19534268047117248,0.5119292751035669,0.6424296526292375,0.06758549212549492,0.8000000000000002,0.14704138148889132,2.423776597284635e-32,0.08584855932882508,0.04828253847051467,0.6189455173159017,0.45546432680137483,0.5460992907801421,0.46959732511157093,0.5652173913043479,0.35048057676907673,0.33333333333333326,0.6923076923076923,0.325998307301685,0.6493153435356043,0.08867879251816518,0.6577920365728053,0.3938284914632787,0.6157237622728117,0.23015116458808116,0.6174255600534004,0.40413154103505,0.6018169117990964,0.7690535018474915,0.4367677021601802,0.4674640918787407,0.5655695415079468,0.32027930653113823,0.22815753275157052,0.09023666995528555,0.18869370224388227,0.32031372456862844,0.3203891306112959,0.18185782395299102,0.23630898743194073,0.17984522010133414,0.16925496925974506,0.2882857113923464,0.09563264136879863,0.6813323184185689,0.7227756035476842,0.5681233150953418,0.2351525340886573,0.07524306650951873,0.2929484756724221,0.5183402648987137,0.39474717876253973,0.5903614457831328,0.24510791485790184
Mov. 2 - Cell C2,0.7930049549474738,0.35540649569197424,0.21868475740036047,0.6393918225625779,0.6564902244276818,0.061169146741362805,0.24,0.18306120054625435,1.4318224267460686e-33,0.03614894522992775,0.06178137355712385,0.6225566894668213,0.6658701266687498,0.4500818330605567,0.3737943758090162,0.45652173913043503,0.4751491888941518,0.15384615384615374,0.6923076923076923,0.39616834654150956,0.8359934266358822,0.039651909640850934,0.6786765864038008,0.3887987649171023,0.6232361670293762,0.21514769163551284,0.6388452595272139,0.36927802391148035,0.6593495090457937,0.8841562228562319,0.3480888071597193,0.5281807120948081,0.5258133144425341,0.3565443703449078,0.2300135416305502,0.10558175755221487,0.5635130551123724,0.3503828059124477,0.36277034109310513,0.1304652038650642,0.27760082916022205,0.13467519256582633,0.36880420031793554,0.40717220033930956,0.25121517511268887,0.5132945709098744,0.7313734516027814,0.6884610823122168,0.17395042121954143,0.18532160080126828,0.48307733409141373,0.3476821644065229,0.4580224186449889,0.806827309236948,0.2571048198159815
Mov. 2 - Cell C3,0.8018078697468951,0.374979691028955,0.22101896509327928,0.7668543700215871,0.6361463586613689,0.05287701574554451,0.32000000000000006,0.198664382091326,6.593910444254178e-33,0.04853519713856694,0.14724541886004433,0.5203518146066402,0.5085948762769203,0.5460992907801421,0.760227950943059,0.5150501672240801,0.637296554281015,0.46153846153846145,0.46153846153846145,0.39616834654150956,0.6606097353483338,0.05844512471776258,0.8087125675351843,0.2123521968167169,0.8082187634263984,0.14316282754971033,0.8556630505589315,0.08386605957931959,0.956473382564793,0.8474083300876856,0.26949399573694355,0.6600777107367963,0.4032668264911848,0.3905664941451784,0.28754496963539,0.08767915535579714,0.6563582159146589,0.3949373403558117,0.38617489016514917,0.34631420823435644,0.4069819332421708,0.2234020323677165,0.4224144414977478,0.5273534102767101,0.5531145054017457,0.5348254094375764,0.8362671978749558,0.6420149265443005,0.2930067119764441,0.18205719047421143,0.30447512584580827,0.16473203551014576,0.3570254011403097,0.2951807228915664,0.2121164262231825
Mov. 2 - Cell C4,0.7120181387927573,0.5285188390790535,0.3330609343533817,0.6712574594273306,0.6351905894286138,0.06576145629560085,0.88,0.3410569613331368,1.9442303524763533e-32,0.10575076425980096,0.15271394896167897,0.7497183957408193,0.6803367468703511,0.4500818330605567,0.3737943758090163,0.5108695652173914,0.3083446946796604,0.23076923076923084,0.6153846153846154,0.39616834654150956,0.9448337453094342,0.0,0.6916733144158831,0.4301636623266617,0.5542326625201982,0.2370357991840759,0.6085575664018725,0.45572732515413994,0.5359381188197186,0.9737034596444931,0.2737985826737539,0.5585104641031233,0.5205837647086407,0.5307502449888851,0.35438666946827524,0.08256412615682056,0.6150937000025317,0.5248357717611116,0.5367230706826215,0.16746789032837142,0.4785544589045255,0.12499590095107484,0.5177215369285255,0.31766623203881017,0.2571587806325093,0.7334858164009537,0.7674844134341843,0.6673491933268005,0.19235941760894024,0.2336508133600413,0.9312039778719128,0.3179849645037042,0.4203006410227605,0.6378012048192772,0.4430568466662161
Mov. 2 - Cell C5,0.7630750446294243,0.41279332687881565,0.22802158817203577,0.6712574594273306,0.6615356933520877,0.02958273943201467,0.7200000000000001,0.23044079543680662,1.8717731100564185e-33,0.09357664547337846,0.2932660342534717,0.784033057020959,0.7087924759765064,0.5460992907801421,0.34084317900962546,0.5150501672240801,0.5379562531611554,0.3076923076923077,0.6153846153846154,0.39616834654150956,0.7922012494756787,0.26133656645761894,0.5208994720919613,0.46401239350384704,0.6034119773452852,0.40290724665080546,0.5319418175229786,0.38876946747713803,0.7082544993653097,0.6958444119597136,0.5140121406607601,0.3980922857890186,0.6032786856475709,0.41986332297318907,0.2540161092926323,0.24113003132509314,0.9005066017280788,0.4143907286339001,0.425393323745331,0.41826387635745355,0.6629913519575159,0.3460063928212371,0.6725955670035386,0.5064918814600088,0.24931593818772524,0.33010084772889314,0.77952140071132,0.7517967492684674,0.3007727717290726,0.29364808304486284,0.626281066402409,0.0028956665877345467,0.46045608171739144,0.553153791637137,0.21511565246270287
Mov. 2 - P,0.7435241567268633,0.029175684212751907,0.02586696733235551,0.6389148357226961,0.6695653191316568,0.07395834344099549,0.24,0.007867333246237871,8.818840726081308e-34,0.0020907999547824974,0.005586422553874024,0.17939474648245035,0.477902324616277,0.4420803782505911,0.5167389689621974,0.5150501672240801,0.4241327306640523,0.5384615384615385,0.3846153846153846,0.39616834654150956,0.8167567756364474,0.12526284129747517,0.47256118499213273,0.5529033710064059,0.49541254771812976,0.28953720215039236,0.41769367414475445,0.5771987006930627,0.48663932867009985,0.8355622555385633,0.4822335411206334,0.4047157949967926,0.6143013404802541,0.03657001283218447,0.04006189657009068,0.024470897315127804,0.18707132683247493,0.03860513211515887,0.034541125524722605,0.016568723259878015,0.1247973897484475,0.0032546903109741537,0.1560293648745082,0.5209328692994473,0.880632311956403,0.23571190951946286,0.7121257612981138,0.7370012807680277,0.009596098475339543,0.04814979829152899,0.3002890865844693,0.45902716949040967,0.4996200442919789,0.18554216867469886,0.02114598065823166
Mov. 2 - R,0.7399788810319272,0.10482155414591235,0.08935482815349415,0.671039272225153,0.8129501009780528,0.1835913520302357,0.47999999999999987,0.034230712897411475,5.885836170678972e-34,0.0021599522657260164,0.01490957387777591,0.801087823931089,0.6968734918537683,0.2132387706855794,0.27174902286168534,0.21739130434782616,0.20467655452064967,0.2666666666666666,0.1875,0.7470185427406326,0.7343596974873876,0.1034175634036385,0.5349803496177475,0.49951429528377517,0.5332033877691871,0.29683050749068474,0.4426514009231968,0.5590236143833982,0.4895022803917133,0.8541503446257459,0.4233864439101868,0.46782497477166857,0.5704645121837641,0.06814096442648176,0.10776147929613267,0.0,0.10739563931193208,0.07160380014989193,0.06492938123999334,0.10147950000392977,0.061011121636319374,0.07639167309175014,0.030006377066853163,0.4202103874549014,0.274544001332405,0.3855856531698252,0.751970773165489,0.6965925112739848,0.11529722928377836,0.041097764608726065,0.24526166142247752,0.5238924765337236,0.448133719595788,0.22665662650602414,0.1268988188524902
Mov. 2 - S,0.6637083328378104,0.07800201265429979,0.06113767057472559,0.6068310116557676,0.8380938965665234,0.2191806334062027,0.7200000000000001,0.023898691147371535,3.228287716929998e-33,0.028612323319835566,0.0022711815065948274,0.5235461607716312,0.6088384746753245,0.4500818330605567,0.3737943758090162,0.46488294314381284,0.3850186991680852,0.3846153846153846,0.4285714285714286,0.46633838578133413,0.7758490913685236,0.2656090570976613,0.2774437541587852,0.7604538033173868,0.28668122822985426,0.47493848628846047,0.16353875475686497,0.88149436966833,0.1729724787565468,0.7577311752861431,0.5921795271571956,0.26576124047621924,0.7446159736646971,0.0713862230153782,0.10127957719389241,0.1326871864742678,0.006937657499725899,0.07400814908147049,0.06899933678957346,0.07662641511411292,0.16085324351822622,0.09264250835260866,0.01800762211323842,0.3501723513077698,0.25961065161008734,0.4881869002489907,0.7329128432827163,0.745509239826502,0.08656387616066316,0.10012005293537846,0.2335506618451429,0.4551119978455825,0.4898140853458051,0.32998661311914357,0.07553228087611334
Mov. 2 - T,0.7612617544284461,0.08700034634618756,0.07054438140910242,0.7031230962920834,0.7324649233895753,0.1229749678256265,0.7200000000000001,0.0272445909799833,2.5862060458513452e-34,0.003377779921146421,0.0004747163410208678,0.25867910024241203,0.2757948964923008,0.4420803782505911,0.2501119210440089,0.6195652173913047,0.6733710969552316,0.3076923076923077,0.75,0.325998307301685,0.676478771215421,0.17072195413436114,0.4570828638042924,0.5793418732814319,0.4515960225550151,0.36231232004114045,0.35887338137386504,0.6628383671449388,0.3720118002128475,0.8000706605054642,0.48175122208880783,0.4027773824211873,0.6263796656850961,0.10194485507949316,0.09532855405920387,0.08244647042142399,0.017324422044483215,0.10308731353902528,0.10065492092005421,0.14083152773374727,0.03605585376977871,0.08126651246466192,0.027007637296730974,0.16048394559015233,0.5856536201462493,0.0,0.7450410153125286,0.7476348842465521,0.0993798722267161,0.0,0.25780351351075825,0.3430567927486833,0.4824569021668339,0.666017009213324,0.06647299415159956
Mov. 2 - U,0.7382039993390777,0.019949340997050535,0.014107091327202906,0.7031230962920834,0.5814957021161095,0.04002632484185934,0.64,0.005240948005491911,3.539432526357104e-34,0.008440065053877675,0.012694206019522876,0.8944088427194932,0.9873475802862332,0.49408983451536637,0.4371768599995386,0.5150501672240801,0.42413273066405244,0.3846153846153846,0.5384615384615385,0.39616834654150956,0.7565498872661565,0.1653446584433677,0.4238537130557565,0.5984379048423603,0.449980005355394,0.31559038316182253,0.37085973382218135,0.6418039991051186,0.4087915830999179,0.7951378503982407,0.522698967165553,0.37292548473361037,0.6349635943335964,0.011496999014501186,0.027834913938663775,0.0798698145003308,0.1351024433000986,0.011419044537359618,0.011598698375877625,0.01863850367975517,0.055460828684699884,0.04063531225905943,0.024001305780355642,0.45689768338549347,0.2590269449060853,0.6808902020271905,0.7242517417536547,0.6987181556940367,0.04498954723901835,0.05566256284779239,0.3029933307362349,0.36644935282487856,0.4689739024707978,0.41700133868808575,0.024169565383586097
Mov. 2 - V,0.8028996150621559,0.027997203048413688,0.014107091327202906,0.6870811842586182,0.656707615491028,0.059684948849184516,0.5080000000000001,0.007524730004850332,2.546507370912012e-35,0.003994287151962268,0.024013267616117526,0.5846028345285812,0.4356648357075672,0.35406437534097135,0.2742612257614111,0.3645484949832778,0.28069204481219223,0.46153846153846145,0.2142857142857142,0.5154574132492113,0.7659645164373857,0.19997699991745121,0.38799409390389883,0.6319316171425446,0.4186514505189451,0.4073063139630624,0.28608559093140545,0.7169124327722651,0.3527639111297259,0.7889052759980846,0.5331216584506577,0.35343483326088565,0.6609069631676413,0.01240240224987807,0.03268195856853562,0.06054082068365303,0.0658398159307548,0.007626492545893093,0.016924417417625487,0.03934154782895735,0.027740939550222887,0.037378565921356896,0.05101653482333994,0.6326615184812387,0.0,0.7156939524011083,0.7658280972971312,0.7433835954064536,0.04069218779893097,0.041871055290912645,0.5585016086563901,0.2943634766871218,0.4652968617209355,0.10970196575776803,0.03020908986659511
Mov. 2 - W,0.7825468716703448,0.06170026375319612,0.025863992407992933,0.6709986597896247,0.6439678688585029,0.02684064136134222,0.64,0.018147395543648453,5.885836170678972e-34,0.003668708045090013,0.048548144533178045,0.7726978815017089,0.7528187588267593,0.49408983451536637,0.4371768599995387,0.5108695652173914,0.7209574725298418,0.33333333333333326,0.5384615384615385,0.325998307301685,0.8112893891106583,0.0992138209100144,0.49960865384587105,0.5415239335385458,0.49428496228720203,0.21988427526295773,0.45813143434825293,0.5652596438012165,0.47765758481465787,0.8044969846625858,0.4963780863524882,0.38866671921581414,0.6335642176038542,0.05045855942736535,0.028022745186838074,0.016744189078629568,0.1628136298893396,0.049827364371645366,0.05111065624333305,0.014496322864785555,0.13311581237062786,0.006505268568491374,0.07501024885744226,0.716966718186083,0.18630724219266992,0.4918266687139832,0.8195326248704227,0.6498014271415178,0.050259183756209136,0.04027638083596641,0.763402210301183,0.47812003792589886,0.37335533457814063,0.4638554216867472,0.018126218416727083
Mov. 2 - X,0.7523940775003446,0.06982877885036548,0.05173393466471103,0.671039272225153,0.6419295808533436,0.0841365001051022,0.0,0.020965175254068064,1.9827059874301823e-36,0.0026956894389848027,0.0294465450704325,0.6479639246401789,0.6774017751165197,0.8581560283687946,0.612844665138098,0.8023715415019765,0.6519606742265649,0.9090909090909092,0.4545454545454546,0.1154881895822113,0.8013574716756764,0.07804784515285738,0.5421336974672003,0.5134914418812295,0.509447210816765,0.24284666839629088,0.4507525586728752,0.5879724622009758,0.4444988938086755,0.852270503043677,0.41812958653507615,0.46632170911759063,0.5773632124337479,0.10044424095110333,0.06817238677595996,0.015456675999778416,0.131627040648625,0.09745439737425285,0.1034790742544465,0.04970616977963377,0.10259972634459548,0.009757902852737185,0.14101289078513843,0.7354231151319227,0.524560667543062,0.5881016778709778,0.8056731091645064,0.7284960123986943,0.03206317817292534,0.05573027366671186,0.90496284507117,0.4446547120752792,0.4285202508638175,0.03413654618473905,0.03626008180115421
Mov. 2 - Y,0.6867683317725586,0.061518020681582936,0.03292051299595704,0.5747065751533107,0.8640852143700546,0.13268267165685968,0.9600000000000001,0.018085359720796352,6.064279709547688e-35,0.011230206065287712,0.0061867467709558685,0.41420884869001906,0.6462956627499304,0.35406437534097135,0.40656588674654026,0.3788819875776399,0.5076144084141582,0.2857142857142858,0.4285714285714286,0.5365084250211587,0.7302454461111035,0.13783403172828324,0.4926374452774252,0.526172539437429,0.5198643010430606,0.3030629568861538,0.46321751790672555,0.5079198317428543,0.5577618532782336,0.8198109887024339,0.4947824239448745,0.389386919096096,0.6303262084487079,0.06009772257853549,0.0741043930260909,0.04637654705289884,0.17320915963624378,0.058923117578509154,0.06130372028160763,0.09733993916417549,0.09150966564922998,0.07476741197635571,0.08700520793792962,0.3276553400966291,0.9833763426111827,0.45445602487742054,0.739842601135674,0.7114800942817441,0.08123999467426568,0.025363110557737295,0.13558621453296338,0.6076858766674565,0.46529686172093465,0.41700133868808575,0.054386300217881475
Mov. 2 - Z,0.741751518879397,0.0,0.0,0.7031230962920834,0.6546597000120464,0.05443708319762362,0.88,0.0,1.1197037681501774e-34,0.006557399346666009,0.007409856927298501,0.44266861426416027,0.5125523702412266,0.2132387706855794,0.2017384246820241,0.17391304347826098,0.19935851713645866,0.1875,0.2666666666666666,0.7470185427406326,0.8145495482944503,0.13064649666437889,0.44620921628241816,0.5839923073510942,0.46148676240743136,0.28232251739830794,0.4085450960635379,0.5914663388175475,0.46792084224368347,0.8277573922576575,0.5121653792946305,0.363140974887166,0.654320822342842,0.0,0.0,0.019322474763113898,0.11431576640736288,0.0,0.0,5.239950430113716e-06,0.06377925130688003,0.024384476998201135,0.07501024885744206,0.40638161453654087,0.6191804045502487,0.5517608213270588,0.7554334605176924,0.7178624089201717,0.0,0.03044447108927019,0.45624472030030794,0.07894073799060908,0.45794278022121243,0.3682730923694779,0.0
Mov. 3 - Cell 1,0.7019843147386915,0.37057688183106485,0.32926462844682186,0.7031230962920834,0.6048337966657288,0.20865822126523173,0.45333333333333325,0.19510434324323522,2.028913698357942e-33,0.0070511233397584855,0.06957844452157168,0.5715709604390375,0.38064136556000583,0.5460992907801421,0.5365658554249882,0.5186335403726707,0.5587061225325699,0.6000000000000001,0.3999999999999999,0.35962145110410093,0.6131019495862188,0.357871749560034,0.3743253329791617,0.6156648348407152,0.44335310564091523,0.6127532086553402,0.26184008799136016,0.6757816538952516,0.42012423340687544,0.6551083094746097,0.5699955080477219,0.32894925865853974,0.6760515995472495,0.28788498725339107,0.26492079964485976,0.28643254572301186,0.35938205324860273,0.3010531423150069,0.2746280065244052,0.4939622671169529,0.14696698593130536,0.30706759187869426,0.23480891574679974,0.27114746692657865,0.31734488168382397,0.5013480890106305,0.6829602908657373,0.7329141239654282,0.4757852496721223,0.12921200217805245,0.256421617652226,0.35148101907344337,0.5179028926260675,0.1581325301204819,0.43817896869385736
Mov. 3 - Cell 10,0.4852014110054341,0.4717395609005395,0.2972484924570793,0.5468870568167965,0.6390692085711955,0.045054027869028436,0.5216666666666666,0.2842666456604198,4.971306668949552e-33,0.015920542971971485,0.11365916829696503,0.6907352090794285,0.681775084787796,0.6421167484997272,0.5388365041793757,0.7049689440993792,0.49475698785416844,0.7857142857142858,0.4285714285714286,0.23974763406940047,0.833683652484623,0.1950554771884494,0.5401803596729867,0.5119209935981528,0.5150218399198591,0.13876179400648114,0.6631853051081116,0.36552584903476165,0.65359794826087,0.6221594877273995,0.5666343457835465,0.31136617557958246,0.6975858444854294,0.481203707147126,0.23874335148350428,0.18862392557848445,0.5986983674811002,0.47065231450566297,0.4918517544782923,0.25609733731918893,0.562670596077606,0.2073914160884091,0.675794476245426,0.4700763690973887,0.6410429519657864,0.4092103147007333,0.5784156232946804,0.5424429304833547,0.43346959279620745,0.21934706163123074,0.5300896736271635,0.27672157855605234,0.4821002090531824,0.07590361445783134,0.29703757501624567
Mov. 3 - Cell 11,0.7093632937530145,0.3874008783706797,0.32242230241296116,0.7656662470048321,0.6711131623498107,0.17797837276570677,0.3849999999999999,0.20886515925593171,1.8724318903764793e-34,0.10205606542072641,0.059360958593331806,0.5457377183567718,0.5164387286460942,0.3120567375886525,0.31567390963394015,0.3350383631713556,0.5042797772927444,0.41176470588235303,0.23529411764705888,0.5993690851735014,0.7366840495760605,0.27147975245347933,0.47079767109548465,0.530711766008532,0.5185116097084297,0.43858672195359416,0.39047422444972596,0.5958162012017129,0.46725306824562746,0.671427145483654,0.5170417162894522,0.4129058133957327,0.5954003372150581,0.30351687519304066,0.33470174266298264,0.12598233988389557,0.5718067272926479,0.2941951158476932,0.3129295954102864,0.43357183841040847,0.4060976037610076,0.36564379336931363,0.49467439000318825,0.6033641581230198,0.18071745129144712,0.7090372953967785,0.8313737006704027,0.5362247478824278,0.4186930619803606,0.26548542425325206,0.6200346977956445,0.2726924604612817,0.29951365669373464,0.158132530120482,0.2617331141775926
Mov. 3 - Cell 12,0.8833922014154894,0.451515974479644,0.3109688436171509,0.5626040693660386,0.5589267470365045,0.08720910455327746,0.59,0.2652106573467309,1.4511347150417715e-33,0.016280681062793376,0.21812260752873677,0.4370822347665331,0.2068870856015831,0.5044917257683215,0.3669817604874003,0.4782608695652175,0.2780588545286916,0.46666666666666656,0.4375,0.41955835962145094,0.7123296300600914,0.2004179642522037,0.5316046603294482,0.5320052632910011,0.48490372364954315,0.3563479688132283,0.47330657852330377,0.5678561136709392,0.4586601661601412,0.8028905805595101,0.3886079438974045,0.4781812124098259,0.5821893625718957,0.46537148096067815,0.2642036444247773,0.31402443993181056,0.37941054015558207,0.4765219877573829,0.4549854095203357,0.27828590741531567,0.36824193944497063,0.23270110511436637,0.30476685747255555,0.3699182389453546,0.32399125725001704,0.21872031474897113,0.9224336117363201,0.7722519991820294,0.3751552278393917,0.12057729060527972,0.48594634250632573,0.5129860898243038,0.3711159221602567,0.2733776013143485,0.31176942777416755
Mov. 3 - Cell 13,0.7609778144947583,0.2970185060201427,0.1736165857983062,0.6093083702229602,0.6134415458331799,0.05031285893515571,0.7949999999999998,0.13994043911236484,1.4511347150417715e-33,0.04437401660666231,0.04439924952599006,0.4954180338423586,0.6981346683888109,0.32582394659991665,0.40200385461568566,0.361413043478261,0.423975083263897,0.5294117647058822,0.11764705882352944,0.5993690851735014,0.952759849407044,0.13763493435979432,0.5307240017010835,0.5035318914331308,0.5383893279066884,0.23739469833282212,0.5171202619237233,0.507914623845978,0.5340460117817554,0.7830249584500426,0.47026671613410354,0.4336216902167939,0.5824453985521182,0.2907386480407817,0.1997584998332606,0.051958486666905654,0.7672269091705926,0.27958409453638616,0.3019991426201327,0.07468763345498727,0.6462828474195698,0.12989976869699305,0.684468046340019,0.19719263641773466,0.3031090638999118,0.4208539276904122,0.6171911469165652,0.67081301863033,0.15246343803475562,0.2744177688714804,0.24744080534119667,0.10653548048048833,0.5286502112243563,2.220446049250313e-16,0.18230189977447325
Mov. 3 - Cell 14,0.8509438599317214,0.6328332197489224,0.45290248495432,0.749827397149005,0.5750888611582105,0.13206025006074604,0.45333333333333325,0.45803347414644174,0.0,0.04345675946738133,0.29559939936830826,0.7771336405527056,0.8059117230642842,0.6421167484997272,0.3737943758090163,0.658385093167702,0.47789237909295446,0.5,0.6428571428571428,0.23974763406940047,0.6518629915056948,0.17711134154726016,0.6255457552663155,0.4511169763726962,0.5503029620389642,0.13316086008147,0.7878026690460989,0.2709175543485341,0.705014796769965,0.5591344952657915,0.6156023594201769,0.2691951546017239,0.7311585741143347,0.6129217726338402,0.5388676602802078,0.2250067635180723,0.5278492385230633,0.5798421988438145,0.6462753790028744,0.4980494284524064,0.5140862365365049,0.3561243896170647,0.5444003279634381,0.36641054857202415,0.23117923747737956,0.48502556072490055,0.8027079091723968,0.890265624831831,0.4132402981871084,0.24069381964990672,0.6913455323643202,0.26831100881509334,0.5238581167844272,0.3995983935742973,0.5235732579029854
Mov. 3 - Cell 15,0.6149890270867111,0.47896991204591055,0.317840918894637,0.6249441579011474,0.6377996040954167,0.08340522160043598,0.7266666666666667,0.2912288880496261,8.024708101613482e-35,0.1152251754591746,0.18267386853627895,0.47915544510233987,0.6254609608704299,0.3120567375886525,0.36923188266099816,0.361413043478261,0.31482392540218307,0.25,0.41176470588235303,0.5394321766561516,0.6018236716420272,0.2481395147755901,0.5404667900911854,0.4966019871652602,0.5258146422705418,0.3315472177706078,0.6173719035555996,0.37968525484347615,0.6368535801003062,0.6156417624311399,0.5970734382487356,0.29401574906792804,0.7057728456349776,0.43180052182756357,0.333257335821153,0.2826677922899154,0.5447222526569518,0.4162034891025113,0.4467336266327888,0.38109373485326836,0.3008104410062097,0.3592701105114367,0.36618408466315405,0.3245762344633175,0.33902384251407536,0.8370676993596533,0.6222755992311955,0.6956480793860917,0.3802628597040586,0.19027578039534043,0.28041539465572163,0.2389983122475734,0.539366513030155,0.43706591070163014,0.36765414166125143
Mov. 3 - Cell 2,0.7698325893119495,0.2533837828233789,0.18965142811244007,0.671851520935709,0.9051794789368777,0.2657441748049305,0.11166666666666658,0.11106429216013831,6.179025238242381e-33,0.012512276520965647,0.10089509384813815,0.6578503499206643,0.7078573612227074,0.5906788247213781,0.49249259801954703,0.6118012422360248,0.6491877221440643,0.4285714285714286,0.6000000000000001,0.2996845425867507,0.7706146297880592,0.15927566817540018,0.5030935896542503,0.5409654274443019,0.49040354213423365,0.3484649647618898,0.43625715636609846,0.5727540040319234,0.4719573385672281,0.832732835079409,0.43415801450117847,0.4399138953574311,0.5984080326784404,0.22250485457547725,0.22065568501214372,0.12084858520240023,0.3019261531719075,0.22665179712482292,0.218704530297647,0.2036428135389837,0.2306073044942638,0.13140066820868662,0.2347329982842652,0.6830024673502567,0.23969182225224506,0.3255358441338234,0.782457762884814,0.67081301863033,0.19280354377068407,0.08642001450497314,0.5233815190997277,0.18797826666598227,0.41170139513532555,0.42674698795180754,0.2146783379840218
Mov. 3 - Cell 21,0.7078913311860013,0.7081913949954727,0.5765165420669177,0.7187588839702705,0.5744876242056897,0.21842392056791093,0.45333333333333325,0.5527248717990765,2.8246972517679455e-33,0.1176895491606398,0.4192383430816681,0.6883449555819867,0.7275182572813218,1.0,0.8504347713389541,1.0,0.9999999999999999,0.6666666666666667,1.0,0.0,0.27094863428852367,0.5303573717877004,0.40089396552486584,0.5720952369604401,0.4756555738858814,0.5877806076408976,0.42016849611743506,0.5286461804765097,0.5273647588495197,0.4574426589530688,0.5781523627198452,0.34844850435443386,0.6642110227759843,0.7072535504782637,0.5615443060870016,0.6389175437509981,0.2715854059384245,0.676753081231886,0.7380051864063469,0.7886065661818835,0.28190716766656154,0.7581695605242866,0.3603422359211066,0.3791707020626828,0.5523410201835729,0.4417366764745998,0.8397981121779212,0.826087307481191,0.8378297490013974,0.14704570967664612,0.26680061009341716,0.8003448224981204,0.4606210802528491,0.5144578313253012,0.6117503153549178
Mov. 3 - Cell 22,0.0,0.7518968365422788,0.581097925585242,0.5937538074158297,0.4507069264754784,0.24192636671185877,0.45333333333333325,0.6115577305010954,3.751551037504303e-33,0.7022140014932529,0.32476911662923336,0.656628294577617,0.6266209937443862,0.5906788247213781,0.3282831305632776,0.5186335403726707,0.26737140918226865,0.3571428571428572,0.6666666666666667,0.2996845425867507,0.0,1.0,0.0,0.8382362443274842,0.2903165711921347,1.0,0.10331036307792035,0.7673100230331977,0.35323136736611715,0.03237905304376876,1.0,0.011963096163288889,0.880535399478697,0.5421274471081804,0.8566934844426459,1.0000000000000002,0.08947956612249366,0.5140811136808243,0.5686929843775489,1.0000000000000002,0.08753113707329056,1.0,0.08286391035666013,0.7272813276418284,0.5034372832241583,0.8362104090304476,0.0,0.7308476747064443,0.9480063670173265,0.024073581581953565,0.5276415172561391,0.8763434574892311,1.0,0.5452335658423169,0.7617598715645427
Mov. 3 - Cell 23,0.47045303606641653,0.5051708906122552,0.4025429653451062,0.7812614222474892,0.5339679529817,0.1226086492725284,0.45333333333333325,0.31711726813636026,4.650318344885013e-33,0.1272364621982093,0.04764228527839476,0.4195429460368185,0.40118777882485357,0.4212765957446809,0.2930155159129091,0.4347826086956521,0.3003495392790072,0.375,0.46666666666666656,0.41955835962145094,0.618779157648758,0.3949881105917789,0.42327823906140033,0.5661015403341313,0.4890101912620409,0.3205123148040452,0.5674839013480057,0.4275926352177327,0.6065980074922973,0.352694504474633,0.7815666872117707,0.16828394329792573,0.7729144847978751,0.49490701074574117,0.30103757647596996,0.45323230973327305,0.8381286293415139,0.4891516810854601,0.5009510973514951,0.49398846686910336,0.5410693611198821,0.39091236186070416,0.5326634882555684,0.4025792315170421,0.3498815016771318,0.5311665733598043,0.45025455135187276,0.6625230053921394,0.43923521821483513,0.2655962511419071,0.4996734345987351,0.24938461490943475,0.6420026302240031,0.3682730923694779,0.2823286571614235
Mov. 3 - Cell 24,0.578109464958505,0.7544557605253507,0.6383235706232171,0.7968769037079131,0.7300689102571515,0.21730290472617853,0.9316666666666665,0.615091416444728,3.3703774026776627e-34,0.07673512883902474,0.25067094403280704,0.42965215252042155,0.41908247978703217,0.37966903073286074,0.5134443676083648,0.4429347826086958,0.658893483739241,0.25,0.5625,0.47949526813880117,0.4990245681925578,0.683710659662982,0.21363912236835986,0.7242605702259344,0.36601941509529257,0.6799951435824148,0.4014420679285038,0.5357243418525655,0.5340512674843281,0.29488429230607427,0.8805021917062071,0.04563732610872373,0.8747399455607217,0.6676677576724138,0.5456911885332584,0.5736213016594249,0.244619261531719,0.6326580254989538,0.7029657032024293,0.9516116777535285,0.46818931340560654,0.8338833204831663,0.626144455747711,0.3047086430381243,0.7267652926657727,0.49338462299581276,0.5126464793455092,0.8385075285482095,0.611698913076636,0.3353237198205904,0.43054377910586955,0.09706567200769611,0.6992844425972216,0.5692771084337351,0.6793968120484695
Mov. 3 - Cell 25,0.09291188718892229,0.8758913567894717,0.5261570224577039,0.0,0.7677588088811682,0.09791295041723398,0.8633333333333332,0.7941126167872554,2.2429059144009682e-33,0.36872398775251414,0.4523971458931618,0.6355951418083441,0.5077798440576996,0.2891113892365458,0.3092458688514803,0.27989130434782616,0.19800866489624439,0.2941176470588236,0.2941176470588236,0.5993690851735014,0.357705156647626,0.34052553589231976,0.6404367194230203,0.3910196595998119,0.6123108697260037,0.2075264521293827,0.8327930161692634,0.18596170865482525,0.7872734186672969,0.5317922487045277,0.4728603582266396,0.4418031047502468,0.5991663919790694,0.7563760787881005,0.6828067815198867,0.5748680706535019,0.2951988605237209,0.7384252073245716,0.7744764412780172,0.6814686533065393,0.5464723011612816,0.6661835003855047,0.4800982371965201,0.42161314678854844,0.2771370039464826,0.5846805739428889,0.3001689703764905,0.6252569608128011,0.6908632154781473,0.3667331625678461,0.21787279450734565,0.1888406029852977,0.7267296514332859,0.2951807228915664,0.6705745193226557
Mov. 3 - Cell 26,0.5102726900928047,0.8153878102072191,0.5879640510140026,0.8750152296633207,0.42905322627439657,0.18122049280692218,0.2483333333333333,0.7021444533374586,1.0432120532097526e-33,0.30446128781869425,0.13613738379309528,0.6534663361985276,0.6254550490568588,0.5044917257683215,0.5134443676083648,0.4720496894409938,0.4227264169223012,0.5333333333333334,0.3999999999999999,0.35962145110410093,0.3165705654322698,0.1280242745630713,0.9249848652249645,0.14715205861070224,0.8104195287834537,0.36662464445862275,0.6852113027255868,0.312163946391505,0.6897945586075855,0.8167964571667496,0.0010143264771350635,0.9465067946418861,0.2094807167726126,0.7797173333649118,0.7370752252799196,0.2688832535292529,0.6155626164128407,0.7837293627860833,0.7756783184389213,0.7056667443925981,0.46278988176683167,0.5712649704446158,0.5589612972775997,0.3790877957026505,0.29503406704022184,0.6911677188638929,0.8145029619126305,0.6956507700752308,0.681925694779715,0.2677402760239823,0.24251738122303962,0.3067625520335251,0.4033408187192551,0.1998428496595075,0.6911662398226366
Mov. 3 - Cell 27,0.7668809977062132,0.6422283242315562,0.558205882615434,0.5937538074158297,0.8693553746776568,0.3214407091129261,0.8633333333333332,0.4693726832699971,5.302994603816243e-33,0.05913510198864036,0.6587870363189205,0.6606876257542678,0.5449019311318938,0.6352583586626142,0.3524178887421222,0.6118012422360248,0.45673377278059746,0.3571428571428572,0.7333333333333334,0.2996845425867507,0.6116618335487206,0.28176273724199624,0.5575306454370951,0.458999773258548,0.5703764296256206,0.42154085062500934,0.5784718466469899,0.37837995893631693,0.659308480395722,0.7014668189936586,0.46777218143890725,0.41904091733627685,0.6126973101755858,0.5177526649124184,0.5006883350250899,0.311524382890092,0.7066155363208065,0.5169373529781269,0.518693036779607,0.5927693924015476,0.42499035189278345,0.4731781033153429,0.4596536645359166,0.5851926367801692,0.1624912510470375,0.3719540765538274,1.0,0.6459618137397349,0.7469390290123953,0.22423811154411644,0.5710408672615771,0.48543607561369995,0.24343684670880913,0.5990911012470939,0.4793929895646187
Mov. 3 - Cell 28,0.4660275652757555,0.7049510967562593,0.5925424596079644,0.625005076554439,0.6509487234196858,0.1966423282262348,0.45333333333333325,0.5484774726330777,1.0432120532097526e-33,0.030310810370783207,0.49159413797080004,0.6316748750808974,0.27348192232139257,0.4212765957446809,0.35218864183698884,0.40217391304347827,0.3597909083637415,0.375,0.375,0.47949526813880117,0.2739181814172187,0.5289995360940045,0.43707559652245936,0.5277935601878673,0.5180892671188735,0.7023606829914351,0.3954191398929074,0.5254972890552668,0.5409828997646974,0.4842621818599715,0.56177718226435,0.3720065477553858,0.6423839828466356,0.5973870861806803,0.6410753024086744,0.6049714302477562,0.49751725649172784,0.5681574991444029,0.6268602293882616,0.858880274992598,0.2522085394519874,0.765855564122333,0.3252911434688205,0.433619521099564,0.36047354453443164,0.373715896560195,0.45362519258459066,0.8819863743501974,0.7106245449302807,0.1939960508860854,0.44925041702818264,0.23109309083836105,0.7661101220200611,0.2951807228915664,0.6293987232903943
Mov. 3 - Cell 29,0.5220694734260896,0.9845609652303531,0.8626566669542424,0.7343743654306945,0.6056826212201802,0.2629243222289668,0.7266666666666667,0.9731255772240431,6.419766481290786e-34,0.0733496336119925,0.27413024069462305,0.6040272958094426,0.2932091160910366,0.3900709219858156,0.44731719419838434,0.39130434782608714,0.6593531090412992,0.5,0.25,0.47949526813880117,0.2021739612867599,0.5575458875737722,0.4321299091415301,0.5621182683063463,0.4705656843831316,0.723666659114087,0.33028379133541896,0.6325893365050147,0.430330270886163,0.3376916460443623,0.6116410741787013,0.32919448530457257,0.6809393532220969,0.7846379089808868,0.9999999999999999,0.8557789780079725,0.3154333296811659,0.8086638392257606,0.7604245597266426,0.8084798117809804,0.13613303862751303,0.4905803135440759,0.19386283232869223,0.2709221972563097,0.42754324886938877,0.45213956598344485,0.4873513290802185,0.8757762638166877,0.8730204844058882,0.09554806893087195,0.4952370124742289,0.2769605945367641,0.7386649131839982,0.11244979919678733,0.9176484079354764
Mov. 3 - Cell 3,0.7226262897995355,0.18152008350637258,0.09579256447404812,0.6405799455793346,0.6443327482171749,0.04255333162052024,0.2483333333333333,0.0697512144936017,0.0,0.014091029718900434,0.08339785184855796,0.7049312269369432,0.6842485685434762,0.4628841607565013,0.3885105815632989,0.5186335403726707,0.33731563792881414,0.33333333333333326,0.5333333333333334,0.35962145110410093,0.7219822451862195,0.13407598464032172,0.5379255966950527,0.4961420356181859,0.5342493861308389,0.34394624210588454,0.4349018381116725,0.5553612587837929,0.5012716538694405,0.8290420257409135,0.42208330890149964,0.4661538116838364,0.5774365877283415,0.15371257875028654,0.15324915546739942,0.13724400491536626,0.29180234469157473,0.15701827728271084,0.15040019451643902,0.17752166064508998,0.18198084412167154,0.0682189668465688,0.20842759751598067,0.6227350791969196,0.1863458942328824,0.5157391430997744,0.7217511555075351,0.7494618621721392,0.15735773994078647,0.14088388229396484,0.44933891913741075,0.6160684794856074,0.4999906949622534,0.4596385542168677,0.09702228508084544
Mov. 3 - Cell 30,0.6371010480966461,0.4780997068078354,0.29724849245707907,0.5625025382772186,0.5981290295715093,0.09359454285733193,0.9316666666666665,0.2903867872287474,2.2067947279437076e-34,0.06576832833191198,0.20880803861379862,0.4980634060327698,0.501986076686185,0.2523988318731749,0.31238382523942343,0.25831202046035795,0.32065062400905786,0.2777777777777777,0.2941176470588236,0.6593059936908516,0.764737348799183,0.23617833773649588,0.46784178579649627,0.5562897518878169,0.4866974763706736,0.4624795541542017,0.3456457900954118,0.6516404097185398,0.41296309471599857,0.6599580592010708,0.5710389213791583,0.3348756358938918,0.663702448513132,0.3200462010580401,0.4095673470261564,0.16730662042484667,0.2614747452613124,0.32665144642808125,0.31291603252470346,0.217798539625815,0.48708206153738187,0.1504435877666409,0.4450509406173605,0.3959960067287411,0.25948201396082454,0.48921862154983486,0.6526135618999191,0.6873688289044582,0.4217880522593881,0.31883289083630967,0.6069144178129914,0.19178256305623204,0.5131263065823842,0.3092009983668693,0.3617445816291425
Mov. 3 - Cell 31,0.7831032518301697,0.7191456713753002,0.49182044546517395,0.9687487308613889,0.4218603727130169,0.17149084092068628,0.7266666666666667,0.5672007674739629,1.2839532962581572e-34,0.027529987208006642,0.19846909612444885,0.5320093474610776,0.5995848353628078,0.5906788247213781,0.3282831305632776,0.5652173913043479,0.555629233294362,0.33333333333333326,0.6666666666666667,0.35962145110410093,0.6029603092081959,0.2829114694234685,0.5867124798792869,0.47295698097371897,0.5347470088389453,0.5218583814942073,0.4334159823381642,0.5798745241280926,0.4536867429400586,0.7951837861756734,0.277067499850146,0.5847169369792866,0.5067648764788576,0.7465134897927936,0.49516888412078086,0.39052553350304586,0.730207077900734,0.7554574952454802,0.7375037685813326,0.5988136752226321,0.4222783566642108,0.3719228989976866,0.456719454608949,0.21856418663786503,0.326572266143808,0.32482726659348815,0.8634057502525785,0.739129615877216,0.40234214347834285,0.2538679950050941,0.4642194661227706,0.29479986978570794,0.39379540083000864,0.5692771084337354,0.620576430564581
Mov. 3 - Cell 34,0.6621723271840096,0.30773035712071684,0.14158855011111326,0.7343540592129294,0.5964366519223079,0.0,0.5216666666666666,0.1474671701972562,8.024708101613482e-35,0.06126560623934183,0.06984481429995731,0.5255713401649964,0.559988653084797,0.5044917257683215,0.46803637902114126,0.5652173913043479,0.37155644762355866,0.6000000000000001,0.33333333333333326,0.35962145110410093,0.8471069700741708,0.10915484370047675,0.5811950302257352,0.47857755543149294,0.541709803194342,0.2809703553771392,0.4757140817467087,0.5588189614073338,0.47656640528955857,0.8193683635093543,0.3870152734355649,0.4983642395363872,0.550980488860384,0.3368725305716434,0.1574738631315062,0.0958268278611308,0.5987071326832477,0.33998206495605043,0.33375359783796077,0.2157811587102383,0.5464758095639057,0.13303726548445116,0.5063922503454245,0.46653407017142945,0.42594635698272754,0.6494337547401665,0.6779087121652099,0.666663975977527,0.20870345725816655,0.21403430372673077,0.5956504533977519,0.31168294420384285,0.4832928047244785,0.11244979919678721,0.16762356179045146
Mov. 3 - Cell 36,0.8621530082089599,0.28858090521120683,0.19194806972032735,0.7031230962920834,0.5746538163843121,0.06408973985701799,0.836,0.13413327275953266,8.902076187389891e-35,0.02126518961855387,0.08077964402190185,0.5746042996010865,0.5370510119986619,0.23404255319148937,0.11877512584989156,0.2857142857142858,0.20795557907059495,0.1333333333333333,0.4285714285714286,0.6593059936908516,0.7371228297693708,0.4368748929861404,0.28931105976781063,0.6875780142428023,0.38587704214940466,0.4621023737098646,0.29666852992605797,0.7211479085008085,0.3397010524031019,0.5141214311444655,0.6769424327047977,0.2622957933759872,0.7065331224590412,0.2554584687174795,0.19278758249455252,0.1660533323772055,0.24798071655527534,0.2503775456715462,0.2608649803085542,0.26214948006591854,0.28730659930533625,0.24378103315343097,0.3720221375320749,0.2790036530235511,0.21455474282607717,0.5077569456498312,0.7065766952374899,0.757762638166886,0.23540022991429085,0.17095976461178095,0.07949875768488346,0.46104079020710226,0.515513048764601,0.5807937632884481,0.2029165551775543
Mov. 3 - Cell 37,0.7241135853099507,0.3391151935287553,0.2171308044492969,0.671851520935709,0.6749281736168541,0.08718808269959427,0.31666666666666654,0.17051379911911058,9.657736200291826e-33,0.031823055658332114,0.12016042156414697,0.575432728826724,0.6844360945540598,0.5460992907801421,0.34084317900962546,0.5186335403726707,0.55870612253257,0.46666666666666656,0.5333333333333334,0.35962145110410093,0.7585867493210622,0.14617958598475989,0.5512577777214626,0.5116497198017342,0.5051588317081467,0.32816805954753026,0.4853256387214864,0.5532674447387428,0.47093749146673425,0.8238546330457008,0.41575763456468684,0.4564569061209834,0.5917199330459397,0.3299147725829814,0.25130649984914755,0.050684011695182093,0.2344998356524596,0.3341187785108715,0.3256927639395587,0.18756140566910248,0.24951408623653643,0.23429246980210744,0.20262370750520015,0.4999961219191163,0.32526038830314774,0.447725777355217,0.755481675151711,0.6459618137397349,0.3002508692106812,0.12270688295579471,0.5267925288175381,0.38635031837247047,0.4164671253016397,0.34501642935377896,0.22350445319368528
Mov. 3 - Cell 38,0.6371029647145718,0.3795889117326504,0.24459828108870335,0.7187385777525055,0.44603689845107053,0.12125355827000152,0.6583333333333333,0.20242257103086514,8.024708101613482e-35,0.11833622222122778,0.023993378401306883,0.18393866535893855,0.12335093362941263,0.32582394659991665,0.3029147394494164,0.361413043478261,0.3717991957084328,0.47058823529411775,0.17647058823529416,0.5993690851735014,0.7919672071677358,0.31851548615508707,0.4104879463224182,0.5687561597641971,0.49976491637982856,0.4243971061054972,0.36591100026013396,0.6221826684440025,0.4506209181991593,0.6389132768094021,0.5500599226972434,0.399222651300276,0.5919948765693834,0.31791156957155264,0.2879285442375696,0.33535478319257594,1.0,0.31959101576107607,0.3162346240288999,0.38110159477891314,0.6463565238746799,0.2944127473657156,0.6903972001639817,0.2501875845983015,0.6621709807697487,0.7380750036202766,0.5042154931151694,0.757762638166886,0.40562957701252433,0.30157641601360113,0.2479047224878485,0.1250411100097632,0.6587113763391503,0.07590361445783134,0.264684071709797
Mov. 3 - Cell 39,0.8509438599317214,0.7167904952552976,0.46893137741972907,1.0,0.5809392971098668,0.08445280877699515,0.7266666666666667,0.564073205277199,6.687256751344569e-36,0.050530688543670606,0.07028102189364974,0.0,0.0,0.1300236406619386,0.09871126803982774,0.1533180778032035,0.10475672405509892,0.3157894736842106,0.05263157894736836,0.8391167192429019,0.3685889404503386,0.31242634050360507,0.6415315047688788,0.3746001020834496,0.6349681081900455,0.49446379621373904,0.5534987905294365,0.40744652728291264,0.6286148719770562,0.7184986770831043,0.30165891639261366,0.6116394351090089,0.4738529873230528,0.6297255686296286,0.5970948170090034,0.4231322096658008,0.31542894708009206,0.6239207793649864,0.6355855167845905,0.8205788573240099,0.4735782198365086,0.5870860961192497,0.38954768375821797,0.0,0.9999999999999999,0.17402641396762375,0.8296796137569498,0.8799172344020745,0.6264912016463589,0.27301665204552983,0.08257461327738769,0.32248258070557395,0.49880740432870435,0.07590361445783134,0.6176369404839265
Mov. 3 - Cell 4,0.6193972483160444,0.5304915893306981,0.3018060765805029,0.5628071315436785,0.6492582204662467,0.037413405578705164,0.7266666666666667,0.34311728837450706,2.583956008719541e-33,0.0035453913581540344,0.17781593496405285,0.42058638905200363,0.38726560607426674,0.27304964539007104,0.3740103336193433,0.25831202046035795,0.37391774810577727,0.11764705882352944,0.41176470588235303,0.5993690851735014,0.8915492605544207,0.29174733644073547,0.373473853592344,0.6797857701465506,0.365825845459208,0.3302468685925055,0.4005687124413145,0.6668684305045205,0.3700981550477995,0.6149658187561529,0.6290962713629245,0.23467395943342492,0.7581807110803418,0.504824611358182,0.28969924671970737,0.30023664164436603,0.5887673934480113,0.4961134367320809,0.5136171474000636,0.26219925959500423,0.5088236326000772,0.2548856335132357,0.6029326915777165,0.21167650615947886,0.30037701334562295,0.1960150956768869,0.6407944018426761,0.7184382163959819,0.39412823059799373,0.24064575151875728,0.14083395233382046,0.297333019292764,0.5393975298226459,0.5837032339885861,0.36761591682275147
Mov. 3 - Cell 40,0.44980722776972115,0.6971680710119977,0.48037293651808893,0.6562360394752851,0.5792323178302405,0.07254676783368913,0.17999999999999994,0.5383399864997402,2.9557674840942997e-34,0.054760744936312465,0.2675944846513304,0.6780457398638164,0.5620411881593855,0.32582394659991665,0.3029147394494164,0.361413043478261,0.3717991957084328,0.41176470588235303,0.23529411764705888,0.5993690851735014,0.6920078666380776,0.2681654180077614,0.5541914444406764,0.5035045448756839,0.512335230684288,0.330564206780535,0.586692673818366,0.45526378435462905,0.5483201701514586,0.6487398718198467,0.4922226054284533,0.38366061261480544,0.6451560499981446,0.6710920047821575,0.41403181431612246,0.2112059271235,0.5278799167305798,0.6720701316791027,0.6701137356870199,0.37303731106703697,0.62746026734028,0.44154202004626025,0.5297520535673614,0.40283140843492576,0.49949023847076235,0.593602024042895,0.6694777259348701,0.5362328199498441,0.5372670163221474,0.2792833101775834,0.3949751272981591,0.4323027149867766,0.41408193395904586,0.158132530120482,0.444099996177516
Mov. 3 - Cell 41,0.811126122523266,0.6711423986929371,0.3659216464421392,0.6093692888762536,0.5904028051039311,0.028034346420125936,0.9999999999999999,0.5051031701799943,6.419766481290786e-34,0.011319805451075728,0.09371307554720587,0.5962333306238117,0.2968021427462214,0.35106382978723416,0.24633022348434044,0.32065217391304346,0.38023647690920204,0.1875,0.47058823529411775,0.5394321766561516,0.37909312083443614,0.49478361239426705,0.4067267670762046,0.5856247570174743,0.4583754762577514,0.6010505707072267,0.44522192167598207,0.5292242734558912,0.5135147309624508,0.5358753168157566,0.5674616482950111,0.34603568304132376,0.6656775216505403,0.6753929082288876,0.4613690146661108,0.5447761194029849,0.33903801906431486,0.6731561345214938,0.6777027866654063,0.7943607653471597,0.2090165947444128,0.6092295039835516,0.3048503666813439,0.12480964028350494,0.18091851210529442,0.12566872179076904,0.9578428772740324,0.7971005133834872,0.6886890721002661,0.14570267254223127,0.08691057986741968,0.43435390924184525,0.3603810102789656,0.5565481741206313,0.470574519322656
Mov. 3 - Cell 42,0.7491848643973213,0.6511833963376611,0.32929437769044717,0.953133249400965,0.5057882519104993,0.030071700278970506,0.59,0.48030442774529636,8.024708101613482e-35,0.10606184236328016,0.15664776175741968,0.4236332951394228,0.4813644532777619,0.3120567375886525,0.4183946924392221,0.361413043478261,0.31482392540218307,0.3125,0.3529411764705883,0.5394321766561516,0.5071713680304121,0.40505035436068615,0.49553805832391157,0.5031924028823637,0.5353845910167886,0.4408484261551697,0.5389314930578232,0.4336136505454159,0.6078565008253418,0.5885002190994377,0.4661315729752466,0.4515985024612348,0.581893607548573,0.6607945098593615,0.37158026577238884,0.45574214535533714,0.7234797852525469,0.6591616016774029,0.6625283836774285,0.6935755587752136,0.3817984071852083,0.5396268311488046,0.49762757929578916,0.18763788020171124,0.26004792201357235,0.445025778019138,0.620572746020648,0.8509304403043689,0.535757971391637,0.19766494401981682,0.13436401120235197,0.06984688173927445,0.630072020992166,0.3289629104653913,0.4382171935323573
Mov. 3 - Cell 43,0.7123148853587438,0.5830450370428146,0.42314729148011415,0.5937335011980647,0.7983136142772718,0.16158927291063835,0.59,0.40015948532550083,3.6111186457260665e-33,0.07482653408439026,0.21139254255851292,0.577945773122551,0.4573237103994121,0.3900709219858156,0.2320470734117878,0.39130434782608714,0.48379938570534287,0.25,0.5,0.47949526813880117,0.611416736154798,0.03108532604806884,0.8563861757402497,0.21665156998440965,0.7609198960959396,0.24190451631571053,0.7965403209604036,0.1863597774299256,0.8110982328183272,0.8262742249271344,0.27236230933705163,0.6315403390538379,0.4470306805970168,0.5316205107134849,0.45857883858325643,0.11463755691948636,0.8853336255067383,0.5296536890305978,0.5336140424240073,0.35689826374242484,0.47087674981580885,0.3466132099717295,0.5969238244180926,0.36225677380623816,0.410086293377952,0.7350996009516648,0.661044548130258,0.6397517032062243,0.35333841265501187,0.24364673162378508,0.5771039207574922,0.283601979963139,0.47971501771058933,0.5144578313253012,0.43233056840334844
Mov. 3 - Cell 44,0.3185514823572859,1.0,0.9999999999999999,0.7031230962920834,0.0,1.0,0.8633333333333332,0.9999999999999998,6.419766481290786e-34,0.9999999999999998,0.8762125410823037,1.0000000000000004,0.9229052770864045,0.32582394659991665,0.18068492571959968,0.361413043478261,0.2514158888884632,0.2941176470588236,0.3529411764705883,0.5993690851735014,0.4330837503536675,0.3217569244268726,0.59015438742691,0.42385116218015717,0.5937594770967243,0.39641903324698813,0.6531553268244611,0.32681421793584353,0.6849999091781109,0.6770416569985196,0.4216561500041565,0.49046555129464087,0.5583625222125085,0.5711611718976541,0.592069363588213,0.33535152366579424,0.29181110989372194,0.5666548849550257,0.5757135860514019,0.7681583932216,0.37638845033856094,0.6946594705731172,0.36033464417485306,0.48580617546330745,0.1510414981268562,0.7914473990434336,0.6711630465512286,0.0,0.6677593492235513,1.0,0.14899578869921026,0.5449489796222344,0.10381940782739796,0.34501642935377874,1.0
Mov. 3 - Cell 45,0.8391451599805073,0.23539895713731593,0.1782158188628053,0.7031027900743183,0.6654462085272732,0.09741090345317617,0.8633333333333332,0.09999618157543574,4.49383653690355e-33,0.011264107309593733,0.08495408905276701,0.8410425371550363,0.8577202843511186,0.3900709219858156,0.49119141827190727,0.32065217391304346,0.38023647690920204,0.375,0.3529411764705883,0.5394321766561516,0.7278754771438177,0.18054528935398295,0.4962857743820682,0.5317650968359936,0.5052939615284109,0.37543004152979176,0.4090710050310291,0.5868718521955354,0.46848484423660386,0.8005413015088245,0.45157483388740344,0.43840321108239977,0.5949028433795909,0.20149410140497098,0.2096204200360417,0.12968353254474518,0.3997458091377225,0.20314621392955073,0.20001364097492394,0.2641642410062801,0.20632564993158597,0.15360370084811104,0.21723022729688246,0.5344936683565011,0.11663801631195043,0.5457756923988741,0.7841474666497197,0.7370577852399549,0.21388860657149142,0.08400573707512787,0.01989310822584267,0.30124237426428613,0.4486873693417614,0.27759165002255015,0.18821145980658233
Mov. 3 - Cell 46,0.26988280336749426,0.8890684917281995,0.8626566669542426,0.312492385168337,0.1546188432804108,0.7758117556686309,0.31666666666666654,0.8148728691309016,4.774701320460022e-34,0.4771642909490921,0.9999999999999999,0.7677948808587876,0.7165968992639825,0.4628841607565013,0.4393190349166509,0.4782608695652175,0.5935273922869733,0.33333333333333326,0.5,0.41955835962145094,0.6792434182863026,0.36253515453200913,0.44554198200489625,0.5658767304479404,0.48079977122179635,0.5156919294066693,0.4780863552601944,0.4899273808038115,0.5610874267002343,0.6842270174989997,0.5365715351398622,0.334786728862724,0.6792232274597645,0.5796388128285308,0.34408102962742215,0.32657524780552355,0.6897469047879916,0.5874586389294425,0.5724262816582665,0.6955903197155754,0.5788653825913063,0.49216551015163185,0.6378205614855528,0.8233151588670666,0.18789154961570442,0.787490976064106,0.93086021481811,0.13871578788759376,0.5442641300246069,0.9002396003757541,0.6745862444167305,0.7060532011148035,0.0,0.43222891566265065,0.6411643285807117
Mov. 3 - Cell 47,0.6415265188873143,0.8554609126338311,0.5673597248789948,0.7968565974901498,0.6150941911419547,0.09844723236202577,0.17999999999999994,0.7624414930598767,7.650221723538187e-34,0.09136983784931449,0.4150477931299436,0.5303139623193069,0.38102293248281716,1.0,0.5646379928365436,0.9456521739130435,0.5699547067697375,0.8333333333333333,0.75,0.0,1.0,0.18872120786156193,0.5799100999852274,0.5636751355738182,0.42876601130531095,0.3685009729498505,0.49424011638624726,0.6226399982316883,0.37757938691120685,0.7151310132080133,0.4234264924161709,0.39215065021874035,0.6597233122605755,1.0,0.5952381287602176,0.2061829963525893,0.9898761915196661,1.0,0.9999999999999998,0.3246437488701355,1.0,0.3735080956052426,1.0,0.6156347611239666,0.5628597082658671,0.5110855291494789,0.6222602582112806,0.6169777103311676,0.3759757796236799,0.42915993446638423,0.5809157383567153,0.4765447135489244,0.4940339199642685,0.24534501642935402,0.7029280226291043
Mov. 3 - Cell 48,0.8288222558321614,0.46217375622407,0.43459182550283665,0.8124923851683352,0.8555314184080441,0.37536268215856367,0.59,0.2751764210126466,3.473361156648369e-33,0.007839998376154015,0.17840499445639044,0.7582582537705118,0.6348900683640221,0.3900709219858156,0.44731719419838434,0.39130434782608714,0.5313942174580787,0.3125,0.4375,0.47949526813880117,0.6373192002257846,0.10301857406304245,0.663387468463678,0.41129685934825455,0.5858487518563428,0.2445570304781297,0.6394329412124857,0.39134989403373904,0.6097309481770313,0.8205410913329703,0.37424849856697595,0.4917645227897103,0.5716635258813338,0.4284558990678584,0.4357251437545999,0.08955712809614301,0.48404952339213336,0.4306502969679377,0.4262572913096775,0.21376377779466202,0.26841385117356087,0.39091030583397574,0.2756449188442326,0.39340978321089937,0.17574054884443097,0.3281088072882823,0.9376058804320913,0.7660445793376587,0.45951345956981804,0.14571271761461838,0.3385548820399517,0.305966360517147,0.35680167242545113,0.3995983935742975,0.48233630212912343
Mov. 3 - Cell 49,0.6887194020742378,0.4272458595027938,0.2629119154645491,0.6874873086138944,0.6065678810200561,0.05884552191368506,0.59,0.24315414334885194,4.188897629042237e-33,0.041087854794193454,0.06248630446487115,0.5557587924802458,0.38548587026348835,0.2891113892365458,0.6036715291923818,0.296675191815857,0.37091089808366473,0.16666666666666674,0.41176470588235303,0.6593059936908516,0.9808845450172148,0.24760813263459514,0.36678920344391164,0.6807441449860712,0.3737654834901419,0.39151850940366595,0.3611505171976595,0.6660453652690668,0.39556498926136324,0.6815111261827811,0.656159615661658,0.18870394709432844,0.7930244544387328,0.3820092780459722,0.30505759090940626,0.1484991508932733,0.7909104853730691,0.3808753514445507,0.38312307675456814,0.27424852560894775,0.49787390800968334,0.17575738884605502,0.5063770668529175,0.2240952826271454,0.08628175539275239,0.5279571814270105,0.6762233915488514,0.6625256960812784,0.2814439053026502,0.24555053174373986,0.05150430006413176,0.24814481265491883,0.4821002090531808,0.5255138199858258,0.338213371048507
Mov. 3 - Cell 5,0.6105616396781173,0.47000530445836863,0.28809167526915624,0.37517767940543223,0.7169169584362439,0.09305802682784303,0.5216666666666666,0.2826083930824123,9.696522289449625e-34,0.13514525732140678,0.1691715001526594,0.7139863912959545,0.860697530452004,0.5044917257683215,0.3094276679923953,0.4347826086956521,0.2303844614152614,0.19999999999999996,0.6875,0.41955835962145094,0.7642827562499298,0.27961037980818815,0.46694144463788345,0.5495822542183801,0.49719050769196377,0.3280373810562256,0.4673120257864862,0.5495298448292679,0.49713376422879724,0.6801671457944518,0.4719259403894696,0.4454623862306201,0.5760306626263414,0.44024446034136255,0.34038506686514153,0.3040013950774624,0.709902487126109,0.43918937067057123,0.44138707548656153,0.3831111157688446,0.4654246921376697,0.2975893086610123,0.5209418320402057,0.3948533916265707,0.2654275741913158,0.7249793258011255,0.5851722467800293,0.8509277496152299,0.44591373633837816,0.2239588845830794,0.2678638352647331,0.44809992580529234,0.6551211826082644,0.7405873493975905,0.3823324796452734
Mov. 3 - Cell 50,0.8052267725476625,0.5479646695991686,0.3659216464421392,1.0,0.631540688306576,0.09311959623083493,0.3849999999999999,0.3616216691087939,2.1345723550291862e-33,0.05910237487378226,0.2684468108886364,0.8860486013327735,1.0,0.69012547735952,0.3288531175521642,0.7157190635451505,0.4655850072454335,0.5384615384615385,0.7142857142857142,0.17981072555205047,0.6359883870137188,0.41798060333435205,0.3806874022310276,0.631438874006293,0.41913934727207175,0.5082970190774176,0.46893734778266694,0.49656214766642465,0.5593641544712631,0.5620184404440294,0.6657749829602528,0.1892539991241629,0.8020033728834564,0.6135967825505729,0.3695509364053575,0.4218772918547684,0.5110069025966912,0.60419364115716,0.6226083638375689,0.5000327496901875,0.4816756130933586,0.39881984065792836,0.6202874235131564,0.5423125143342895,0.1591541589598789,0.6052270442010546,0.6846543777791902,0.9979281693627362,0.4467034587041996,0.2622348457057103,0.25627521480217275,0.5440844233329317,0.6694509407393165,0.42048192771084336,0.37351018691946036
Mov. 3 - Cell 51,0.6562748938263319,0.5079606919766524,0.3453173203071311,0.8593591357673702,0.6176937588902254,0.09210217080578509,0.59,0.3199346294553752,1.564818079814629e-34,0.03157375033541013,0.2488413432990584,0.6573385503903899,0.6539610043338017,0.5941080196399349,0.5197048969839545,0.658385093167702,0.4227264169223012,0.5714285714285714,0.5714285714285714,0.23974763406940047,0.9577084429444077,0.15959134865124477,0.48630589558217824,0.6080136623999237,0.41320913514037594,0.3795676063676039,0.3618529999297168,0.7031473936527185,0.33557856816615594,0.7375062625778432,0.529695057751906,0.29450670871936907,0.7291134933840194,0.520502896066633,0.3835261544978858,0.0920653339548164,0.5818209707461379,0.5009376599409221,0.5402360717700581,0.12506713686488516,0.5707574641265835,0.07925160627088156,0.6816211414949668,0.46066114028968463,0.3262252736175297,0.4084952423446324,0.8060719756822916,0.784677601627326,0.2293081996139252,0.30223763096229433,0.9056050424868836,0.2860788361502665,0.46061952941322376,0.2951807228915664,0.4146859829517218
Mov. 3 - Cell 52,0.7654071185212743,0.5400273384266646,0.48266660320161375,0.7812614222474892,0.5126981214929751,0.2574968606347564,0.11166666666666658,0.35315891881243583,2.4675977412461456e-33,0.120347617551674,0.09764817443026351,0.628832919423076,0.593167847002717,0.8581560283687946,1.0,0.8662207357859533,0.9258261508424647,1.0,0.46153846153846145,0.11987381703470024,0.49499831518615495,0.36213019078291764,0.44138429709228605,0.550198945769006,0.49647134507121665,0.5088327286065089,0.46446609797490945,0.476271820884208,0.5802573353468378,0.5558365051716954,0.6639741651464097,0.23964362935687578,0.740637528728059,0.4271650102339545,0.5189453429655221,0.25257910056617977,0.32554837295935146,0.3937293994426207,0.46088185031612805,0.47786251942056635,0.21172157316773688,0.5712649704446158,0.336974840952916,0.5251529420227576,0.5988539993414584,0.5527104451987248,0.8364252793709293,0.8861273449355824,0.7243073063584847,0.12777887829432322,0.4217724340247237,0.7436105506730288,0.49761325781778293,0.0,0.6352853484194032
Mov. 3 - Cell 53,0.7904783976086414,0.7237173416674522,0.6200129111717332,0.671871827153474,0.5826403932259605,0.1770586364518714,0.8633333333333332,0.5732955519357538,2.8246972517679455e-33,0.1231403635092603,0.3547014242685119,0.6045282878252536,0.5215761795139972,0.21568627450980404,0.31238382523942343,0.21994884910485957,0.1953983511902723,0.11111111111111116,0.3529411764705883,0.6593059936908516,0.5975561447515294,0.19713742910716603,0.701955518777464,0.35414544084190897,0.6441354231937966,0.1642784928383345,0.880294624302586,0.12658792615879833,0.8576541903263216,0.6322714139827315,0.47412605027411603,0.4240860774917969,0.6107390557577895,0.6713999559336692,0.5027430715472712,0.22499861470111782,0.46380628903254084,0.6564396482883006,0.6871955735837811,0.449640146404215,0.4951759463916081,0.42413775379079915,0.6232140416938705,0.2504038133642078,0.3754444097355892,0.5805821431465132,0.7453631767307414,0.8592123814751425,0.4151299025500471,0.2611977386003491,0.3069941597361669,0.18805630643357207,0.5465391462938036,0.5338058114812192,0.6058751576774588
Mov. 3 - Cell 54,0.6326774939239037,0.5696222282018077,0.4803788863668141,0.4374974617227778,0.7326050801181971,0.18350395122928076,0.6583333333333333,0.38519505598138776,6.018531076210111e-35,0.09690518264182188,0.3093405727750223,0.7291544159594396,0.6660811392330298,0.23404255319148937,0.2501119210440089,0.21994884910485957,0.32065062400905786,0.22222222222222232,0.2777777777777777,0.7192429022082019,0.7935638567656168,0.13608871636603967,0.6101588878976445,0.44381946758611346,0.5734238918343539,0.41590380807395366,0.4903441760549899,0.4962651217416233,0.5504818299411123,0.8028372619443409,0.4352426072009824,0.43169889797143984,0.60918260460259,0.4313861360883636,0.45284587652362285,0.08077922247248147,0.6256776596910267,0.4417638148213932,0.42093862799068726,0.21376901774509213,0.5680700277163807,0.10139912618864054,0.526833027132901,0.4587260891189688,0.18572463511268644,0.6844284335241033,0.8128154497219979,0.7701855499230454,0.23350049163546813,0.26186794148393117,0.5634832813107344,0.09588010627099908,0.4474947736704661,0.3450164293537785,0.5088108252742631
Mov. 3 - Cell 55,0.45570657774533174,0.6295073597443741,0.5788072338260801,0.7187588839702705,0.4654652681701811,0.3192918483249699,0.8633333333333332,0.45405123074916126,2.9490802273429546e-33,0.09187947695222029,0.29526915220994016,0.7355036144228535,0.726043560172097,0.4569402228976698,0.4097695343373424,0.5652173913043479,0.555629233294362,0.3999999999999999,0.6000000000000001,0.35962145110410093,0.5330968153216337,0.1255214873026967,0.69641222582661,0.39985504130267946,0.5803410850805731,0.2774241694290396,0.6166656294591352,0.43997840106220676,0.5485887211186434,0.6963673296262829,0.3992282075886738,0.4826954044888606,0.5779641102792462,0.5690050635391427,0.5781908293472162,0.25383401837721203,0.3154333296811659,0.5527890726195996,0.5853610309650747,0.27222590474294106,0.3628986422481846,0.32288049344641473,0.2873248204552013,0.3557120499900307,0.046443219344009065,0.764875898001969,0.7571669957680704,0.6149058796939055,0.3084639874556484,0.19985791359271438,0.4618463889845206,0.42964614869063117,0.39737473868352313,0.45180722891566294,0.7588165590000385
Mov. 3 - Cell 56,0.7668829143241425,0.7915467991033037,0.5444676819091875,0.8281484790642892,0.6624456071681568,0.08009217272264361,0.59,0.6674177833914077,1.2799409422073504e-33,0.19011973634125093,0.19701734301654408,0.5736283849180794,0.5638723709114691,0.5460992907801421,0.39552275504028545,0.5652173913043479,0.4308809742524027,0.5333333333333334,0.46666666666666656,0.35962145110410093,0.4589767408759524,0.5568454030910835,0.3777603460731422,0.600799917714343,0.4559079721725584,0.6953947900356234,0.44560112998826407,0.4827203134097422,0.5809983136484146,0.5501619781336446,0.5792650138571301,0.30422505110895787,0.7045173627419613,0.781856576019157,0.5664837600160513,0.6626536459436818,0.8752141996274786,0.7757263476192742,0.7880410119466208,0.9818514316854557,0.5140722029260079,0.7895821125674631,0.6582613382730295,0.5290296400548335,0.20696453202259218,0.3614705324104097,0.922429228587772,0.8178053663104183,0.761890407851237,0.31330193498095843,0.4740475121018019,0.19132858866997848,0.39737473868352313,0.24751178627553694,0.5588089140323381
Mov. 3 - Cell 57,0.5663126816252202,0.6506521148985349,0.542179965074388,0.5937538074158297,0.4535878974630816,0.2403761046840235,0.5216666666666666,0.47965250858535424,4.971306668949552e-33,0.10026167631656725,0.11803772622386363,0.6719368905065881,0.5822560496290595,0.5460992907801421,0.44580581464524394,0.5652173913043479,0.4308809742524027,0.3999999999999999,0.6000000000000001,0.35962145110410093,0.6520635667824731,0.29331941615555657,0.5715797968090125,0.4611023205089791,0.5617690311694832,0.3245062973098105,0.5640824260201451,0.4698719295978858,0.5504272720611848,0.5742426012480748,0.47661838858698724,0.45168918600680596,0.5763865606128734,0.6718157154271193,0.4533622135829497,0.20994937954907683,0.9224235783937763,0.669590396520428,0.6740665359409992,0.5020553705561942,0.6031540539592324,0.48267077872012315,0.5852401269339971,0.2233800687950508,0.1719885212783946,0.26752930436463185,0.453625192584588,0.7039327112460025,0.7156536790790371,0.27381849466558683,0.2518927804729228,0.27233308404629536,0.6634848607035854,0.45180722891566294,0.62645541072589
Mov. 3 - Cell 58,0.5677865608101591,0.4984953200865968,0.39110140624674605,0.5937538074158297,0.5133036986877562,0.21039738282021153,0.27111111111111097,0.3104232859079314,2.145331408113572e-32,0.43947346496861694,0.5534089732137272,0.8298678316395671,0.6834033220493433,0.670921985815603,0.45542122949390806,0.6956521739130435,0.4705766921228921,0.4545454545454546,0.7,0.2597266035751842,0.7306873167531217,0.41784389433562386,0.24742717291981614,0.7731711555646388,0.2936725210940504,0.0878994759057583,0.294667968900186,0.8669319979212016,0.16905789253875708,0.0,0.9161094915156146,0.11234972787557018,0.7992887902587255,0.41092176188243457,0.39535845912026635,0.1020932680993372,0.07261531719075265,0.38846808968152097,0.4356322814842917,0.21577853873502342,0.31430024909658627,0.21371986635826257,0.41875692746845594,1.0,0.3803667401969169,0.9677568512229,0.4468795269706076,0.9999999999999991,0.3854810912447292,0.2325780923784524,0.9999999999999999,0.7652181876568175,0.8389034323182588,0.4801957831325303,0.21468598295172192
Mov. 3 - Cell 6,0.7609835643485354,0.3279509392579284,0.24459828108870335,0.7343540592129294,0.6894197603089682,0.11671149156295177,0.7266666666666667,0.16214579384237354,3.473361156648369e-33,0.0553752715452887,0.050606861017293,0.5123721737646845,0.5370296100208273,0.37966903073286074,0.3094276679923954,0.39130434782608714,0.24999999999999997,0.3125,0.3999999999999999,0.41955835962145094,0.8633243689801089,0.359594299503215,0.34185986439392013,0.6414802843785864,0.4327824251386794,0.6249025427335275,0.2114716518981052,0.7407408946499794,0.36570914098167945,0.6033250739021745,0.633368336385886,0.28907704451836774,0.6863172877055055,0.31457568393921137,0.2134984889093049,0.22625027298536798,0.8246346006354772,0.332151815381683,0.2955860349214301,0.3427923171846795,0.49787741641230765,0.15202467232074018,0.46549551327796423,0.3277972193511036,0.5879571276126279,0.6460375595713286,0.7790893132263701,0.7101455124686522,0.2896878483112034,0.2600648548682071,0.4458203319365697,0.07622745160527844,0.436755209270299,0.3682730923694779,0.3293910783226941
Mov. 3 - Cell 7,0.7639313227184132,0.5190195624545106,0.35218642066025463,0.7031434025098484,0.4350267364674129,0.13642472731420263,0.5216666666666666,0.3312179630343954,2.5679065925163143e-34,0.017800536492049292,0.06993300742968814,0.5736591602836785,0.45375775804590657,0.3900709219858156,0.29418622548073126,0.40217391304347827,0.30157663007614266,0.375,0.3529411764705883,0.5394321766561516,0.7073753811328483,0.2223403733079427,0.5033571418515261,0.5593406526927354,0.4616073811738746,0.4332062091347937,0.4043814663334742,0.6162396129506175,0.4280669653819492,0.7852260340248889,0.41783596315695104,0.43337656239151556,0.6215423696900453,0.4609590432426137,0.4039424946968741,0.21621907931406525,0.23448230524816452,0.4616532298241585,0.46044262148302284,0.2540878163292576,0.21711749640388728,0.18366486764327938,0.22598351072713718,0.4501217680481921,0.20029378671518688,0.21613678754349652,0.7318718455027797,0.6563128948586314,0.2277396072510621,0.17806411567236452,0.17108395383026376,0.22728406390749922,0.43914040061289283,0.27759165002255015,0.4411605060968618
Mov. 3 - Cell 8,0.5412414025378496,0.6464739710862154,0.5055556712470584,0.6562563456930484,0.6195448774136023,0.12058327210461939,0.6583333333333333,0.4745404391027599,2.2067947279437076e-34,0.014772310060568276,0.20579909815551156,0.5333277681179718,0.5167619545147464,0.4628841607565013,0.3885105815632989,0.4429347826086958,0.3984121577531651,0.3125,0.5,0.47949526813880117,0.4378433177661107,0.4187371111367537,0.48620858888664437,0.5051949859516143,0.5328388551946528,0.49896549213032415,0.5089729343139925,0.4566046828389314,0.5847304826756817,0.46058948147148027,0.6051655682002904,0.34416805249088334,0.6484574422974585,0.5838301186504179,0.4751533721023563,0.4933619737086569,0.777416456667032,0.5616547460718355,0.6061928577392423,0.5746234440622189,0.4519804932814092,0.5253847340015418,0.33405581451845556,0.27209896940768874,0.4851922640178573,0.28522717178232315,0.49915733969182075,0.6770177477855608,0.621232082150472,0.22293006055387427,0.21470709005967947,0.0,0.61575156789886,0.4518072289156627,0.5323343908871984
Mov. 3 - Cell 9,0.5958075148853261,0.29265316607625624,0.20110488690825024,0.7343946716484577,0.6188525063489202,0.07511064329523526,0.9999999999999999,0.13692262691423768,4.188897629042237e-33,0.04533246927435002,0.06735179381947773,0.79953964302514,0.8152900548291467,0.2523988318731749,0.2563040137681102,0.23913043478260887,0.3314128183869147,0.3529411764705883,0.17647058823529416,0.5993690851735014,0.7345735385492408,0.368671894156266,0.2886970182721149,0.7093108593970032,0.3603991591004038,0.4275508637757568,0.29445096842622975,0.7237897034783798,0.34032531683076706,0.6029332482808876,0.6424538215144505,0.2662145310779807,0.7140701715051754,0.24065886615849608,0.23940575452286617,0.12215891496872465,0.17042620795442104,0.24241069619722527,0.23891076383685064,0.3286758907260734,0.19822123986948753,0.2690948342328446,0.1062351011979775,0.40390013606192693,0.25821429934850715,0.6245381794816347,0.649240729092929,0.6418208431543473,0.28610302844142177,0.093358695798681,0.0641310235006941,0.7657051753953008,0.4892604355998342,0.15217391304347838,0.2735063644356101
