Movie,Mov. 1,Mov. 1,Mov. 1,Mov. 1,Mov. 1,Mov. 1,Mov. 1,Mov. 1,Mov. 1,Mov. 1,Mov. 1,Mov. 1,Mov. 1,Mov. 1,Mov. 1,Mov. 1,Mov. 1,Mov. 1,Mov. 1,Mov. 1,Mov. 1,Mov. 1,Mov. 1,Mov. 1,Mov. 1,Mov. 1,Mov. 1,Mov. 1,Mov. 1,Mov. 1,Mov. 1,Mov. 1,Mov. 1,Mov. 1,Mov. 1,Mov. 1,Mov. 1,Mov. 1,Mov. 1,Mov. 1,Mov. 1,Mov. 1,Mov. 1,Mov. 2,Mov. 2,Mov. 2,Mov. 2,Mov. 2,Mov. 2,Mov. 2,Mov. 2,Mov. 2,Mov. 2,Mov. 2,Mov. 2,Mov. 2,Mov. 2,Mov. 2,Mov. 2,Mov. 2,Mov. 2,Mov. 2,Mov. 2,Mov. 2,Mov. 2,Mov. 2,Mov. 2,Mov. 2,Mov. 2,Mov. 2,Mov. 2,Mov. 2,Mov. 2,Mov. 2,Mov. 2,Mov. 2,Mov. 2,Mov. 2,Mov. 3,Mov. 3,Mov. 3,Mov. 3,Mov. 3,Mov. 3,Mov. 3,Mov. 3,Mov. 3,Mov. 3,Mov. 3,Mov. 3,Mov. 3,Mov. 3,Mov. 3,Mov. 3,Mov. 3,Mov. 3,Mov. 3,Mov. 3,Mov. 3,Mov. 3,Mov. 3,Mov. 3,Mov. 3,Mov. 3,Mov. 3,Mov. 3,Mov. 3,Mov. 3,Mov. 3,Mov. 3,Mov. 3,Mov. 3,Mov. 3,Mov. 3,Mov. 3,Mov. 3,Mov. 3,Mov. 3,Mov. 3,Mov. 3,Mov. 3,Mov. 3,Mov. 3,Mov. 3,Mov. 3,Mov. 3,Mov. 3,Mov. 3,Mov. 3,Mov. 3,Mov. 3
Cell,Cell 1,Cell 2,Cell 3,Cell 4,cell 5,Cell 6,Cell 7,Cell 9,Cell 10,Cell 11,Cell 12,Cell 13,Cell 14,Cell 15,cell 16,Cell 17,Cell 18,Cell 19,Cell 20,Cell 21,Cell 22,Cell 23,Cell 24,Cell 25,Cell 26,Unnamed: 28,Cell 2.1,Cell 3.1,Cell 4.1,cell 5.1,Cell 6.1,Cell 7.1,Cell 9.1,Cell 10.1,Cell 11.1,Cell 12.1,Cell 13.1,Cell 14.1,Cell 15.1,cell 16.1,M,N,O,P,R,S,T,U,W,V,Y,Z,X,Cell 1,Cell 2,Cell 3,Cell 4,Cell 5,Cell C1,Cell C2,Cell C3,Cell C4,Cell C5,Cell 11,Cell 12,Cell 13,Cell 14,15 (purple),15 (white),Cell 16,Cell 17,Cell 18,Cell 22,Cell 23,Cell 32,Cell 33,Cell 34,Cell 36,Cell 1,Cell 2,Cell 3,Cell 4,Cell 5,Cell 6,Cell 7,Cell 8,Cell 9,Cell 10,Cell 11,Cell 12,Cell 13,Cell 14,Cell 15,Cell 21,Cell 22,Cell 23,Cell 24,Cell 25,Cell 26,Cell 27,Cell 28,Cell 29,Cell 30,Cell 31,Cell 32,Cell 33,Cell 34,Cell 35,Cell 36,Cell 37,Cell 38,Cell 39,Cell 40,Cell 41,Cell 42,Cell 43,Cell 44,Cell 45,Cell 46,Cell 47,Cell 48,Cell 49,Cell 50,Cell 51,Cell 52,Cell 53,Cell 54,Cell 55,Cell 56,Cell 57,Cell 58
Trend,Delta,Delta,Delta,Delta,Delta,Delta,Delta,Delta,Delta,Delta,Delta,Delta,Delta,Delta,Delta,Delta,Delta,Delta,Delta,Delta,Delta,Delta,Delta,Delta,Delta,Delta,Delta,Delta,Delta,Delta,Delta,Delta,Delta,Delta,Delta,Delta,Delta,Delta,Delta,Delta,Delta,Delta,Delta,Delta,Delta,Delta,Delta,Delta,Delta,Delta,Delta,Delta,Delta,Delta,Delta,Delta,Delta,Delta,Delta,Delta,Delta,Delta,Delta,Delta,Delta,Delta,Delta,Delta,Delta,Delta,Delta,Delta,Delta,Delta,Delta,Delta,Delta,Delta,Delta,Delta,Delta,Delta,Delta,Delta,Delta,Delta,Delta,Delta,Delta,Delta,Delta,Delta,Delta,Delta,Delta,Delta,Delta,Delta,Delta,Delta,Delta,Delta,Delta,Delta,Delta,Delta,Delta,Delta,Delta,Delta,Delta,Delta,Delta,Delta,Delta,Delta,Delta,Delta,Delta,Delta,Delta,Delta,Delta,Delta,Delta,Delta,Delta,Delta,Delta,Delta,Delta
Time (minutes),,,,,,,,,,,,,,,,,,,,,,,,,,,,,,,,,,,,,,,,,,,,,,,,,,,,,,,,,,,,,,,,,,,,,,,,,,,,,,,,,,,,,,,,,,,,,,,,,,,,,,,,,,,,,,,,,,,,,,,,,,,,,,,,,,,
0,,,,,,,,,,,,,,,,,,,,,,,,,,,,,,,,,,,,,,,,,,,,0.5833970704493306,0.5850917278864344,0.5952511028127886,0.5749302105360131,0.610492307626387,0.6325099997643334,,0.5732355530989093,0.5969436178258253,0.6037201051501733,0.6510280515199657,0.46338675666137363,,0.46000583242968734,,0.637239555452539,0.541422270243008,0.637239555452539,0.49939714515110856,0.640601565459891,0.41404701763857743,0.5783152405620864,0.6426693746906875,0.6680720968547073,0.5156579062946561,0.6917823040056903,0.6545234070541455,,0.598638275262929,0.5969457602498923,0.6850079591054095,,,0.6816207866552689,0.4648524619666168,0.44345821523220663,0.6725904692122949,0.5258772690948901,0.692365043351951,0.700634800251092,0.5522547942094562,0.6429221807306095,0.6874353255734733,0.5473100794625086,0.7368910427392178,0.6577648946677207,0.7286362828085465,0.5473015097662401,0.700634800251092,0.5918210818813054,0.83909752528596,0.45664055051728847,0.48301807563185445,0.7253498042895615,0.47477617024558616,0.6297377030214607,0.8094249519561403,0.5934686059889323,0.4516936933462737,0.45829021704898226,0.6709493723768696,,,0.5588491754880978,,,0.5506072701018294,0.4451014544916992,0.6758940871238172,0.6033601779068944,0.6841381349341525,0.598415463159947,0.5374185075445463,0.4945571716574436,0.5819295099633431,0.5703882715136869,0.664354991098228,0.5967657966282529,0.501151552936085,0.6445739896863705,0.6231433217428192,0.7368910427392177,0.5934686059889323,0.5687407474060601,0.5918210818813054,0.651166228540945,0.5588491754880979,
20,,,,,,,0.5732355530989093,0.598638275262929,0.5918639303626482,0.6748485841790552,0.6663795818416706,,,0.6748485841790552,,0.5732355530989093,0.6646849244045668,,0.5308991111082546,0.5546071758351705,0.43267539490231616,0.6003329327000327,0.6037179627261061,0.598638275262929,,,,,,,,0.6038875578055393,0.6036151928698756,0.6033428279342142,0.6030704629985519,0.6027980980628898,0.6025257331272279,0.6022533681915657,0.6019810032559035,0.6017086383202415,0.6477512045779318,0.6138816225005945,0.5393659710215721,0.5783173829861535,0.5698483806487689,0.55122000338503,0.6375896872275104,0.5647686931855918,0.5901714153496115,0.5884789003365748,0.5681558656357322,0.605414762587277,0.5681558656357322,0.5343861655267867,0.7896459450191056,,0.6121474228555727,,0.5078021701694884,0.5985764403679914,0.5868094053422596,0.5229312152025722,0.5078021701694885,0.66299240939153,0.6257356548640525,0.6646849244045667,0.6951694764558307,0.5969436178258252,0.46146528951647636,0.5918660727867153,,0.6240409974269487,0.5292044536711508,0.4123523602014736,,,0.49533487159381356,0.47840115176717846,0.7517101900115906,0.5736961742733433,0.5901714153496115,0.4929053627016825,0.5407028436394644,0.5670932232984333,0.5390681740762403,0.3725654028507095,0.5654435567667393,0.5077459342147266,0.4879563631066006,0.5720465077416493,0.5835727492228356,0.6857878014658466,0.4451078817639006,0.43356235846611,0.4220232624405209,0.6594102763512805,0.3725654028507094,0.5225822208796365,0.6742444205921232,0.5242297449872633,0.4665321224352506,0.5423653647155611,0.7171057564792259,0.5868742247102907,,,0.6050077020145214,,,0.6280880364897667,0.6412767990470497,0.5506072701018294,0.6165489404641776,0.4846655997394813,0.5093934583223534,0.6841359925100855,0.6099545591855361,0.555551984848777,0.5604988420197917,0.5786323193240224,0.6050077020145214,0.6725968964844964,0.474774027821519,0.5291744597342108,0.42037359590882706,0.6033601779068946,0.7072163269853309,0.46653212243525066,0.677543753655511,0.6346824177684082,
40,,,,,,,0.6409768596776508,0.4191267051017545,0.5444478009088163,0.5478328309348897,0.49702952903091735,,,0.5478328309348897,,0.6409768596776508,0.5258194236450774,,0.622348482413912,0.6579148643524202,0.8052450826011599,0.5376734560085354,0.5630761781725551,0.5901714153496115,0.6121869650634908,,,,,,,0.6393670780852363,0.6449812714405595,0.6505954647958804,0.656209658151202,0.6618238515065237,0.6674380448618454,0.6730522382171671,0.6786664315724886,0.6842806249278104,0.5325916261212912,0.5715430380858727,0.5969457602498923,0.610492307626387,0.6189613099637716,0.6528308920411089,0.5512200033850301,0.622348482413912,0.5546071758351705,0.5715408956618055,0.6206559674008754,0.5918639303626482,0.6155741375136312,0.6324329682456907,0.4312679764603535,,0.6375043545932202,0.5732667941911798,0.5935334253569634,0.632196540441511,0.5968954353643154,0.628834530434159,0.6590926205003267,0.5850917278864345,0.6409768596776508,0.5376734560085354,0.617268794950735,0.5732376955229764,0.6579105795042859,0.6121869650634908,,0.5512221458090971,0.6274281698770892,0.6358971722144738,,,0.6392843446646143,0.8374221496654605,0.5555498424247098,0.6297205636289236,0.647866895477557,0.5967700814763873,0.6115956560209614,0.5802798434316492,0.6627074669906012,0.7121631841563455,0.6083048926538421,0.5390660316521731,0.5654478416148736,0.6396185628190872,0.529176602158278,0.4220125503201853,0.6297419878695949,0.6033601779068946,0.30827339902005524,0.6066552261221482,0.5374185075445463,0.5390660316521731,0.7171078989032932,0.720405089542614,0.41707640526950635,0.8374500011783332,0.6528158950726389,0.7055666604536368,,,0.6330327512367143,,,0.6132496074007897,0.4929075051257496,0.651166228540945,0.433560216042043,0.7006219457066893,0.6478690379016242,0.5357709834369195,0.5192850302403157,0.6379774659836619,0.6610578004589072,0.44674897859932605,0.6083048926538421,0.5654435567667393,0.5357709834369195,0.4747761702455861,0.6313830847050204,0.4714768371821981,0.6214936552111252,0.5852267006026639,0.5077459342147266,0.5390660316521733,
60,,,,,,,0.6257356548640525,0.7459749207838701,0.651136234604005,0.5478328309348895,0.6291206848901257,,,0.5478328309348895,,0.6257356548640525,0.6900876465685866,,0.5766227255490498,0.5579922058612438,0.35477471339722044,0.610492307626387,0.5749302105360131,0.5613815207354513,0.6121869650634908,,,,,,,0.5384355445835685,0.5328213685758096,0.5272071925680514,0.521593016560293,0.5159788405525346,0.5103646645447762,0.5047504885370179,0.4991363125292598,0.4935221365215014,0.5275119386581142,0.8035525675881232,0.5393659710215721,0.5681558656357322,0.5850895854623672,0.5478349733589567,0.581704555436294,0.546140315921853,0.5952511028127886,0.5546093182592376,0.5647686931855918,0.581704555436294,0.5817024130122268,0.5580526351485912,0.6763849832576132,0.5597430972644344,0.6020046501605137,0.6036951122763569,0.637239555452539,0.5884904103459355,0.5229312152025722,0.5716803603091757,0.5397412652393321,0.5918639303626482,0.5952511028127886,0.617268794950735,0.4191267051017544,0.5427531434717126,0.6020254477130694,0.5800098979991902,,0.5579943482853109,0.7933931926617691,0.5495274883719934,,,0.5850895854623673,0.6697667542918111,0.5357752682850538,0.5604988420197917,0.552250509361322,0.4451078817639006,0.5423739344118296,0.5918189394572383,0.555551984848777,0.6478690379016242,0.623141179318752,0.4516958357703407,0.6363406539963707,0.5670975081465676,0.6116170802616329,0.552250509361322,0.6363192297556994,0.690730373788727,0.7978858559305512,0.39070102257900724,0.6989744215990625,0.478073360884907,0.4714789796062653,0.4698293130745714,0.6923800403204209,0.7006219457066893,0.4945571716574435,0.4451014544916992,,,0.5390681740762404,,,0.6363299418760351,0.6676521817375488,0.42696797718746854,0.6165489404641775,0.4137792146301855,0.6841381349341525,0.5588491754880978,0.5802798434316492,0.5456625553548818,0.47642155192914576,0.6676521817375487,0.5868742247102907,0.6165489404641776,0.7055666604536369,0.6330327512367143,0.598415463159947,0.6264405123821399,0.58357703407097,0.6033580354828274,0.8440422400329077,0.6033601779068946,
80,,,,,,,0.5308991111082546,0.5766227255490497,0.581704555436294,0.5630761781725552,0.5766248679731169,,,0.5630761781725552,,0.5308991111082546,0.44961125715301836,,0.6308153423272296,0.6105030197467226,0.7561342957102243,0.6477512045779318,0.5901714153496115,0.6054126201632098,0.5393659710215721,,,,,,,0.6311888453070822,0.6370522766148511,0.6429157079226216,0.6487791392303901,0.6546425705381584,0.6605060018459291,0.6663694331536976,0.6722328644614679,0.6780962957692362,0.6375896872275104,0.42082136253885827,0.7984728801249461,0.5800120404232573,0.6003329327000327,0.5698483806487689,0.6037201051501733,0.6020254477130694,0.5681558656357322,0.63420251477737,0.6155741375136312,0.6189613099637716,0.5647686931855918,0.5563621730327482,0.48536276416733487,0.6780754453734563,0.6138378849714159,0.6036951122763569,0.5733613653128516,0.630515535437835,0.6523686004856227,0.5935334253569634,0.5985764403679914,0.7137978537195695,0.5088835613943753,0.5275097962340469,0.6917823040056903,0.6511383770280722,0.581704555436294,0.48686801168049604,,0.6071072776003137,0.4106598451884369,0.63420251477737,,,0.39711329781194227,0.3784827781241363,0.6313916544012889,0.5522719336019933,0.6429393201231466,0.6824884684024587,0.4615831228401688,0.7269994708212555,0.5357688410128524,0.4945571716574435,0.5357709834369196,0.6791912777631379,0.5687257504375901,0.433560216042043,0.5819230826911418,0.6396399870597587,0.530826268689972,0.3527844014388521,0.6148992739324837,0.6116020832931629,0.4319126919344161,0.8325031440073184,0.609952416761469,0.5308241262659048,0.4599377411566091,0.2472785858287218,0.5176375061326889,0.5489597459942026,,,0.6000629872675737,,,0.5093934583223534,0.570390413937754,0.7566720441510753,0.6066552261221482,0.7253498042895614,0.42531831065577463,0.5753351286847016,0.7171078989032932,0.6396271325153559,0.5901714153496115,0.5852267006026639,0.5621463661274185,0.4813684091001605,0.4698293130745714,0.6148992739324837,0.7846970933732682,0.5192850302403157,0.5901714153496115,0.6396271325153559,0.529176602158278,0.38905135604731333,
100,,,0.5681472959394637,,,,0.6155741375136312,0.4292882224521758,0.5952511028127886,0.6020254477130694,0.5647686931855918,,0.6274281698770892,0.6206538249768082,0.6426693746906875,0.6155741375136312,0.686700474118446,0.5664633506226956,0.5766227255490497,0.571532325965537,0.4716268068668976,0.5563018332722742,0.6172666525266678,0.6494437195909684,0.5766227255490497,,,0.6178739482110138,0.6208860144656645,0.6238980807203194,0.62691014697497,0.6299222132296228,0.6329342794842756,0.6359463457389285,0.6389584119935813,0.6419704782482342,0.6449825445028847,0.6479946107575376,0.6510066770121904,0.6540187432668432,0.6223463399898449,0.7629086406105051,0.3496928835099762,0.5918639303626482,0.5884789003365749,0.6138816225005945,0.6206538249768082,0.6155741375136312,0.6104944500504541,0.6138794800765274,0.5596868632983476,0.5562996908482071,0.5850917278864344,0.754146240586399,0.505648309557453,0.5394575518743163,0.5986237259288273,0.5276243170634142,0.5968954353643154,0.6120244803973992,0.49435413014008056,0.6523686004856227,0.6540496054892987,0.5732355530989093,0.5427531434717126,0.5783173829861535,0.5275097962340469,0.6528308920411089,0.534286283558395,0.6274281698770892,,0.6087997926133504,0.6714592693048477,0.6443618897037242,,,1.0,0.6189613099637716,0.6297419878695949,0.5786237496277539,0.6132453225526554,0.5423525101711583,0.7385342819987103,0.4797208849925337,0.6676521817375488,0.6841359925100855,0.5951161300965591,0.6330327512367143,0.6165660798567146,0.6709622269212724,0.6214936552111252,0.5654478416148736,0.7039341333144801,0.5934686059889323,0.32805440043191264,0.6528158950726389,0.5093956007464205,0.39399821321832806,0.5423653647155611,0.5209346967720097,0.6050077020145214,0.6940275644280478,0.5588491754880978,0.5654435567667393,,,0.5308241262659048,,,0.6214936552111252,0.45169369334627363,0.5753351286847016,0.6907325162127941,0.4879649328028691,0.6890828496811001,0.5143381730693011,0.4665321224352506,0.5621463661274185,0.7187575654349871,0.6511662285409449,0.6214936552111252,0.6462215137939974,0.6346824177684083,0.6264383699580728,0.36597102157206796,0.58357703407097,0.5159878396009949,0.5242318874113304,0.380809450661045,0.718757565434987,
120,,0.6071072776003137,0.6037115354539047,,0.5495274883719934,0.5884789003365748,0.610492307626387,0.5512221458090972,0.581704555436294,0.5969457602498923,0.5918639303626482,,0.5884789003365749,0.5969457602498923,0.569850523072836,0.610492307626387,0.5021092164940945,0.6189591675397045,0.5613815207354513,0.6003265054278314,0.534286283558395,0.5800098979991901,0.6121869650634908,0.5935585877997519,0.6375896872275104,,0.5881657618210434,0.5883470995266421,0.5885284372322388,0.5887097749378354,0.5888911126434343,0.589072450349033,0.5892537880546297,0.5894351257602263,0.5896164634658251,0.589797801171424,0.5899791388770206,0.5901604765826194,0.590341814288216,0.5905231519938149,0.5681558656357322,0.5529146608221338,0.8221809448518621,0.6240409974269487,0.5427531434717126,0.5969457602498923,0.5783173829861535,0.5783173829861535,0.6138794800765274,0.5833970704493306,0.6528308920411089,0.5783173829861535,0.5732355530989093,0.43295843857619665,0.5867904911179251,0.6290520440140044,0.5512907866852186,0.6121474228555727,0.5397412652393321,0.4792250851069968,0.6406015654598909,0.6120244803973992,0.6843076955554663,0.569850523072836,0.5884789003365748,0.5952532452368557,0.5766248679731169,0.55122000338503,0.6054126201632098,0.6020254477130694,,0.5004145590569906,0.5376713135844683,0.5630761781725551,,,0.3937239829377348,0.4648524619666168,0.46818178896694457,0.6758898022756828,0.5506008428296281,0.585243839995201,0.4665321224352506,0.5670910808743661,0.5539044607411502,0.4566426929413554,0.48301807563185445,0.5341213169052256,0.6115956560209614,0.5868720822862236,0.5225779360315023,0.5786237496277539,0.527526935626584,0.6957947643440647,0.5077459342147266,0.6214936552111252,0.5637938902350454,0.5341213169052256,0.5423632222914938,0.5225800784555693,0.8456919065646016,0.5077459342147266,0.527526935626584,0.677541611231444,,,0.5308241262659048,,,0.48796279037880197,0.651168370965012,0.4401545973206844,0.48301807563185445,0.7138085658399053,0.4170764052695063,0.5423653647155611,0.5539044607411502,0.664354991098228,0.4846655997394812,0.5506072701018294,0.5110431248540473,0.5423632222914939,0.6561109432878925,0.6264383699580728,0.4846655997394812,0.7006219457066893,0.637979608407729,0.6676500393134817,0.7566720441510751,0.6313830847050204,
140,,0.6020254477130694,0.5546071758351705,,0.5901714153496115,0.5681472959394637,0.6054126201632098,0.6883929891314826,0.5749302105360131,0.5681558656357322,0.5986404176869962,,0.6071072776003137,0.5664633506226956,0.5783152405620864,0.6054126201632098,0.5529146608221338,0.5969457602498923,0.6088019350374174,0.563091175141025,0.7053288513821849,0.5935585877997519,0.5664633506226956,0.5258194236450775,0.5800098979991902,,0.5881695445856059,0.5880483185373993,0.5879270924891968,0.5878058664409902,0.5876846403927856,0.5875634143445789,0.5874421882963765,0.5873209622481699,0.5871997361999653,0.5870785101517586,0.5869572841035562,0.5868360580553496,0.586714832007145,0.5865936059589383,0.7764573304110669,0.5071889039572715,0.5258194236450775,0.5613815207354513,0.6765389567680248,0.5579943482853109,0.5698483806487689,0.5613815207354513,0.6206559674008754,0.5732376955229764,0.5630761781725551,0.6071072776003137,0.6037201051501733,0.7254083846170651,0.6696231347942405,0.5479098624535322,0.6239806576664749,0.6121474228555727,0.6927127205738463,0.6204295054157791,0.7061607606032542,0.5834473953349075,0.5884904103459355,0.5190429363207295,0.6477490621538646,0.574928068111946,0.6071051351762465,0.5444456584847491,0.6138794800765274,0.48517549666745935,,0.5935585877997519,0.6189613099637716,0.5664633506226956,,,0.4885605266935327,0.6494437195909684,0.6676414696172132,0.5407242678801357,0.5670975081465676,0.5407028436394643,0.5473229340069115,0.6099545591855361,0.6083048926538421,0.5539023183170831,0.6989744215990624,0.529176602158278,0.4665321224352506,0.6429178958824752,0.6544655616043329,0.667641469617213,0.5440021767028522,0.44498392110737617,0.7813999027339474,0.48961031448642883,0.6165489404641775,0.5934686059889323,0.7121631841563455,0.6000629872675738,0.43026516782678925,0.5506072701018294,0.6132517498248569,0.6148992739324837,,,0.6577606098195865,,,0.5670932232984333,0.581927367539276,0.7401882333785386,0.45664055051728836,0.4665342648593177,0.6594102763512805,0.675894087123817,0.7912893322278425,0.49620469576507037,0.5126906489616743,0.44839864513101996,0.6445718472623034,0.6280880364897667,0.557201651380471,0.6577627522436537,0.6824906108265258,0.4500461692386468,0.5390660316521731,0.6528158950726389,0.6791912777631379,0.49620683818913747,
160,,0.5715430380858726,0.6155805647858326,0.5478328309348895,0.5952511028127886,0.5935564453756847,0.569850523072836,0.5325937685453583,0.5478328309348895,0.6003329327000327,0.5850895854623672,,0.5613815207354513,0.5833970704493306,0.5596890057224148,0.569850523072836,0.5833970704493306,0.569850523072836,0.5800098979991902,0.6020190204408681,0.534286283558395,0.5105760764074119,0.5884767579125076,0.6325078573402663,0.6020275901371366,,0.5781623522127148,0.5783249929385403,0.5784876336643614,0.5786502743901868,0.578812915116008,0.5789755558418334,0.5791381965676566,0.57930083729348,0.5794634780193033,0.5796261187451266,0.5797887594709499,0.579951400196773,0.5801140409225964,0.5802766816484218,0.4767064943300747,0.5918660727867153,0.5376713135844683,0.5952532452368557,0.5630761781725552,0.5867842428994711,0.6358971722144738,0.5732376955229764,0.6138794800765274,0.610492307626387,0.5698483806487689,0.5918639303626481,0.63420251477737,0.32984024950976326,0.5580526351485912,0.6239806576664749,0.5631240214961208,0.5529812488010617,0.543103275246684,0.5868094053422596,0.5330172452246281,0.6036194553790193,0.5599133252834438,0.6020254477130694,0.5630761781725552,0.5224322511949371,0.6257356548640525,0.6545255494782126,0.5207375937578332,0.7019416789320445,,0.5850917278864344,0.4716268068668976,0.5275097962340469,,,0.48686801168049604,0.6799261292181652,0.6247929882745131,0.5539001758930159,0.6280923213379009,0.6643635607944965,0.5341256017533599,0.5918189394572383,0.5192850302403157,0.5934686059889321,0.5077437917906595,0.6050077020145214,0.5934707484129994,0.5835727492228356,0.5720465077416493,0.6116170802616329,0.6561152281360269,0.7533748535117544,0.40553730924391707,0.5901714153496115,0.690730373788727,0.4137792146301854,0.32640687632428594,0.8753666223184884,0.5357709834369196,0.5440128888231879,0.5670910808743661,0.5176375061326889,,,0.6462215137939974,,0.6165489404641776,0.5703882715136869,0.6330327512367143,0.48796279037880197,0.7682111401766643,0.6725968964844964,0.6363299418760351,0.6940275644280478,0.3824591171927389,0.6313852271290875,0.773157997347679,0.5753329862606344,0.5044487435754058,0.5489576035701355,0.6742465630161902,0.581927367539276,0.621491512787058,0.6742465630161902,0.557201651380471,0.5159878396009949,0.5720379380453808,0.7237001377578676,
180,,0.5884767579125078,0.5800163252713916,0.6121869650634908,0.622348482413912,0.5935564453756849,0.5952511028127886,0.6155741375136312,0.5969457602498923,0.6071051351762465,0.617268794950735,,0.610492307626387,0.6240409974269487,0.6274281698770892,0.5952511028127886,0.5935585877997519,0.5969457602498923,0.6054126201632098,0.5579922058612438,0.4970273866068502,0.63420251477737,0.6104944500504541,0.5681558656357322,0.5529146608221338,,0.5791139145195785,0.5778003011751431,0.5764866878307121,0.5751730744862789,0.5738594611418477,0.5725458477974124,0.5712322344529792,0.5699186211085481,0.5686050077641127,0.5672913944196816,0.5659777810752483,0.5646641677308152,0.5633505543863819,0.5620369410419487,0.5664633506226956,0.6985545064819041,0.6477512045779318,0.5647686931855918,0.5664633506226956,0.6054126201632098,0.5359787985714317,0.5952511028127886,0.5630761781725552,0.569850523072836,0.5969457602498923,0.5715430380858726,0.6189613099637716,0.7254083846170651,0.5529812488010618,0.6070760365080432,0.6172188092031021,0.5800286426545525,0.546465285254036,0.5868094053422596,0.6086624703900473,0.6439635754672428,0.4909921201327286,0.3564693708343243,0.5258172812210103,0.581704555436294,0.6155741375136312,0.5021092164940945,0.6528308920411088,0.49194769914367315,,0.6071051351762465,0.5884767579125076,0.6477512045779318,,,0.6646849244045667,0.4716268068668976,0.5209282694998083,0.5885217488179175,0.5489511762979341,0.5456518432345462,0.5901714153496115,0.6561130857119597,0.5918210818813054,0.4467511210233932,0.6313852271290874,0.5110431248540473,0.769856521860224,0.6379903205280647,0.5407028436394643,0.5225779360315023,0.5044530284235401,0.5753351286847016,0.5390681740762404,0.4962068381891375,0.5159878396009949,0.6725968964844964,0.731944185568203,0.5654435567667393,0.5588491754880978,0.5621463661274185,0.6923800403204209,0.6725968964844963,,,0.5225822208796365,,0.6181964645718044,0.7154603747956663,0.5192850302403157,0.6676521817375487,0.5407156981838671,0.7484301387648069,0.501149410512018,0.489612456910496,0.7022694698143161,0.6132496074007897,0.7237022801819347,0.6017126537992677,0.8374500011783332,0.6198461311034984,0.4780712184608398,0.5819295099633431,0.6528158950726389,0.6676521817375488,0.6346802753443411,0.6544634191802657,0.4648845983276238,0.30992306555174914,
200,,0.5850917278864344,0.6392757749683456,0.5901714153496115,0.5647686931855918,0.603732959694576,0.5766248679731169,0.7273444010960641,0.5715430380858726,0.581704555436294,0.5444456584847492,,0.5359787985714317,0.5783173829861535,0.5427531434717126,0.5766248679731169,0.5495274883719934,0.5546071758351705,0.5596890057224146,0.6071179897206493,0.5715430380858726,0.5478349733589567,0.5427531434717126,0.6020275901371366,0.6257335124399853,,0.5642119501371602,0.5627842974226124,0.5613566447080627,0.5599289919935128,0.558501339278963,0.5570736865644152,0.5556460338498653,0.5542183811353155,0.5527907284207678,0.551363075706218,0.5499354229916681,0.5485077702771204,0.5470801175625706,0.5456524648480208,0.6426693746906875,0.5122707338445157,0.6409768596776508,0.6392822022405471,0.5918639303626481,0.5833970704493306,0.5969457602498923,0.5884789003365748,0.5952511028127886,0.610492307626387,0.6308153423272296,0.6274281698770892,0.5783173829861535,0.684837293836829,0.7625985511656148,0.6307425061298476,0.5039578474416098,0.6053855743922,0.5733613653128516,0.6624546305076786,0.7061607606032541,0.5111641801768404,0.6742216655334106,0.7662958130606455,0.6325099997643334,0.6697646118677438,0.49364235658077693,0.7544417806971877,0.5004167014810578,0.6104944500504541,0.5579943482853109,0.6629924093915301,0.652833034465176,0.5546071758351705,,0.6375896872275104,0.5325937685453583,0.5833970704493306,0.6643635607944965,0.5934707484129994,0.5703968412099554,0.5786451738684252,0.647866895477557,0.5192850302403157,0.7105135176246515,0.8077752854244463,0.6165489404641776,0.7039191363460101,0.5604988420197917,0.5093806037779507,0.6841381349341527,0.6923864675926223,0.7055623756055025,0.6033601779068946,0.623141179318752,0.6478690379016242,0.501151552936085,0.4846655997394813,0.2818980163295563,0.5291766021582781,0.6857856590417793,0.6841381349341525,0.5934686059889323,0.48136840910016054,,,0.5918189394572383,,0.5308241262659048,0.5885217488179175,0.5802819858557163,0.5258772690948901,0.4863152662711752,0.4220211200164538,0.6725990389085635,0.7500776628724337,0.6165489404641776,0.6000629872675738,0.6379774659836619,0.6692997058451756,0.5720379380453808,0.5918189394572383,0.6050077020145214,0.4516958357703407,0.4945571716574435,0.6017105113752006,0.5539044607411502,0.6050098444385885,0.4797208849925337,0.6280880364897667,
220,,0.6087997926133503,0.5935564453756847,0.5732355530989093,0.5935585877997519,0.5529146608221338,0.5850895854623672,0.3683212607737151,0.5935585877997519,0.5563018332722742,0.63420251477737,,0.6071072776003137,0.5427531434717126,0.6460586895648951,0.5850895854623672,0.6731517843178844,0.5766227255490497,0.5850895854623672,0.5783023860176836,0.6985566489059711,0.6138794800765274,0.6443640321277913,0.5850895854623672,0.6037201051501733,,0.626046236492132,0.6288316178571217,0.6316169992221137,0.6344023805871035,0.6371877619520954,0.6399731433170852,0.642758524682075,0.6455439060470669,0.6483292874120566,0.6511146687770486,0.6539000501420384,0.6566854315070282,0.6594708128720201,0.66225619423701,0.5004167014810578,0.6511383770280722,0.49702952903091735,0.5833970704493306,0.5410606284586759,0.581704555436294,0.5969457602498923,0.6037179627261061,0.546140315921853,0.6054126201632098,0.5833992128733977,0.6138816225005945,0.534286283558395,0.5022673853257666,0.44817259761878525,0.4853627641673349,0.6797659074892995,0.6070760365080432,0.6557306104929748,0.5632753352907958,0.5246122202062483,0.5968954353643154,0.5531893052687399,0.7256518860830276,0.5579943482853109,0.6071072776003137,0.6443640321277914,0.539365971021572,0.5867842428994711,0.8611323568164435,0.5867842428994711,0.5325916261212912,0.6392822022405471,0.6426715171147547,,0.546140315921853,0.5918639303626482,0.6392843446646143,0.5670975081465676,0.6165446556160433,0.5555498424247098,0.6231433217428192,0.5093806037779507,0.6017105113752006,0.58357703407097,0.529176602158278,0.5736854621530076,0.6346824177684083,0.5604988420197917,0.6693125603895784,0.5934707484129994,0.38244197780020184,0.6231433217428192,0.6709472299528024,0.5291766021582781,0.6594102763512805,0.9033895291166143,0.8440443824569748,0.6445718472623034,0.5407156981838671,0.5093934583223535,0.43685740668136364,0.6198439886794312,0.6116020832931629,,,0.570390413937754,,0.6478690379016242,0.5802798434316492,0.6412746566229827,0.6791934201872051,0.6181964645718044,0.5506072701018294,0.7220526136502408,0.4797208849925337,0.6923800403204209,0.623141179318752,0.5126906489616742,0.5670910808743661,0.5011515529360852,0.637979608407729,0.6116020832931629,0.6280858940656996,0.6116020832931629,0.46158740768830303,0.745132948125486,0.5769826527923284,0.6940275644280478,0.6280880364897667,
240,,0.5884789003365748,0.5901714153496115,0.6206559674008754,0.6138794800765274,0.5969414754017581,0.5563018332722742,0.7104106812694291,0.5884767579125076,0.6257356548640525,0.5613815207354513,,0.5732355530989093,0.6409768596776508,0.5783152405620864,0.5563018332722742,0.6629924093915301,0.6240409974269487,0.569850523072836,0.6155805647858326,0.48856052669353267,0.6121869650634908,0.5512200033850301,0.6240409974269487,0.5935585877997519,,0.5885827302797706,0.5873604997052003,0.5861382691306278,0.5849160385560576,0.5836938079814852,0.5824715774069149,0.5812493468323446,0.5800271162577721,0.578804885683202,0.5775826551086295,0.5763604245340592,0.575138193959489,0.5739159633849165,0.5726937328103462,0.6003307902759657,0.48686586925642894,0.5935585877997519,0.5596890057224146,0.63420251477737,0.5867842428994711,0.6037179627261061,0.6121869650634908,0.5681558656357322,0.5579964907093781,0.6071051351762465,0.5901714153496115,0.5952511028127886,0.4532439839663147,0.6713135969100836,0.5529812488010617,0.5293147791792573,0.6053855743922,0.48090609011067276,0.5212502101988963,0.4758630750996448,0.6187485004121032,0.5229312152025722,0.49533487159381356,0.6562180644912493,0.503801731507131,0.598638275262929,0.5021092164940945,0.6274281698770892,0.3937239829377348,0.5867842428994711,0.546140315921853,0.5325916261212912,0.7612139831734015,,0.5783173829861535,0.5563018332722742,0.7561342957102242,0.6297205636289236,0.6017190810714691,0.6445675624141691,0.6874160437568692,0.5654478416148736,0.555551984848777,0.4516958357703407,0.7237022801819347,0.6264383699580728,0.581927367539276,0.5110302703096445,0.46323278937186274,0.5984197480080812,0.7385557062393816,0.5949704452599939,0.5324737927975989,0.6561109432878925,0.5473079370384415,0.45993988358067617,0.5324737927975988,0.7764551879869996,0.6313830847050204,0.6643549910982279,0.624790845850446,0.4582902170489822,0.61160422571723,,,0.5489576035701355,,0.5357709834369195,0.651168370965012,0.5489576035701355,0.47807121846083966,0.7269973283971882,0.7237022801819346,0.4137792146301855,0.6132517498248568,0.5176353637086217,0.5225822208796365,0.501151552936085,0.637979608407729,0.621491512787058,0.5621463661274185,0.7978858559305513,0.7171078989032932,0.6676521817375487,0.5654435567667393,0.40059045207290245,0.7912914746519097,0.6116020832931629,0.6280858940656996,0.581927367539276
260,,0.5918639303626482,0.5918639303626482,0.5850895854623672,0.5647686931855918,0.6189655948119059,0.581704555436294,0.5495274883719934,0.5833992128733977,0.5884767579125076,0.6071072776003137,0.6104944500504541,0.5715430380858727,0.5732355530989093,0.6308153423272296,0.581704555436294,0.5207375937578331,0.5884789003365748,0.598638275262929,0.5427595707439139,0.6358971722144738,0.5969457602498923,0.6172666525266678,0.5901714153496115,0.5884767579125078,,0.5991022534510746,0.5998019411350862,0.600501628819098,0.6012013165031097,0.6019010041871214,0.6026006918711332,0.6033003795551428,0.6040000672391546,0.6046997549231663,0.6053994426071779,0.6060991302911897,0.6067988179752014,0.6074985056592132,0.6081981933432249,0.49025518413063646,0.764603298047609,0.5681558656357322,0.5867842428994711,0.598638275262929,0.5783173829861535,0.5630761781725552,0.6003329327000329,0.598638275262929,0.5850895854623672,0.5613815207354513,0.5901714153496115,0.598638275262929,0.754146240586399,0.4921246126307076,0.6713135969100836,0.5259338549475711,0.5867904911179251,0.6809456855481144,0.6506875954819468,0.6053004603826952,0.5851284003385836,0.5599133252834438,0.539365971021572,0.5647686931855918,0.5410606284586759,0.5071889039572715,0.6104944500504541,0.5410606284586759,0.6020275901371366,0.6240409974269487,0.6325099997643333,0.44283691225273747,0.2921152367057231,,0.6054126201632098,0.629122827314193,0.36154905829750134,0.5176503606770917,0.5407028436394643,0.527526935626584,0.48632812081557797,0.6247929882745131,0.5868742247102907,0.6660025152058549,0.46158740768830303,0.5209346967720097,0.5126906489616743,0.6363406539963707,0.6692911361489071,0.5341256017533599,0.5917996576406341,0.6249429579592125,0.4714789796062653,0.677543753655511,0.5341234593292927,0.4698293130745714,0.407184833351544,0.5341213169052257,0.5670932232984333,0.5093934583223535,0.7698608067083582,0.7237022801819346,0.7105135176246516,,,0.6742465630161902,,0.6148992739324837,0.5225800784555694,0.6099545591855361,0.7105135176246516,0.666004657629922,0.5242297449872633,0.7121631841563455,0.6709472299528024,0.5819295099633431,0.6148992739324837,0.5802798434316492,0.759969234790396,0.5192850302403157,0.5703882715136869,0.5258794115189572,0.4945571716574435,0.6181964645718044,0.8341528105390124,0.46982931307457143,0.30332868427310766,0.6214936552111252,0.5209346967720097,0.5852267006026639
280,0.622348482413912,0.5884789003365748,0.5800163252713916,0.5681558656357322,0.5901714153496115,0.5867649610828668,0.598638275262929,0.7273465435201314,0.5952511028127886,0.5918660727867153,0.5681558656357322,0.5918639303626482,0.5800120404232573,0.5918660727867153,0.44283691225273747,0.598638275262929,0.6121869650634908,0.5850917278864344,0.6155741375136312,0.6054040504669413,0.5512200033850301,0.5952511028127886,0.5800120404232573,0.6037201051501733,0.5681558656357322,0.5776389201325732,0.5767218307903574,0.5758047414481438,0.5748876521059278,0.5739705627637142,0.5730534734214984,0.5721363840792826,0.571219294737071,0.5703022053948552,0.5693851160526393,0.5684680267104257,0.5675509373682099,0.5666338480259961,0.5657167586837804,0.5647996693415646,0.617268794950735,0.36154905829750134,0.539365971021572,0.6020254477130694,0.5698483806487689,0.610492307626387,0.6020254477130694,0.5698483806487689,0.6104944500504541,0.5800120404232573,0.6054126201632098,0.5918639303626482,0.5952532452368557,0.4971959989782371,0.6290520440140044,0.546219400337689,0.5952428016971409,0.6391948167090634,0.5279742302136002,0.546465285254036,0.6708596555260585,0.6590926205003267,0.5952144303606395,0.6765410991920919,0.5986404176869962,0.629122827314193,0.6460565471408279,0.63420251477737,0.5766227255490497,0.5325916261212913,0.5681558656357322,0.6460565471408279,0.8357296346524239,0.8306499471892468,,0.6121869650634908,0.603717962726106,0.5884767579125076,0.5703754169692841,0.5654478416148736,0.6231433217428192,0.5786237496277539,0.4879563631066006,0.6346824177684083,0.5885238912419847,0.5044466011513387,0.6116020832931629,0.5539044607411502,0.575324416564366,0.49290536270168245,0.6462172289458631,0.6083177471982449,0.745132948125486,0.6066552261221482,0.4846655997394812,0.7517251869800605,0.6429221807306096,0.5308241262659048,0.4253204530798417,0.5967657966282529,0.6280880364897667,0.3709178787430827,0.4879627903788021,0.6890807072570331,0.7072163269853309,,0.5637960326591125,,0.4780712184608397,0.6017126537992677,0.6132496074007897,0.6297355605973936,0.5951161300965591,0.6973247550673686,0.6725968964844963,0.529176602158278,0.6148992739324837,0.58357703407097,0.5687407474060601,0.6247908458504459,0.6083070350779093,0.5934686059889323,0.47312650371389214,0.5753351286847016,0.5637938902350454,0.5209325543479425,0.8176689997664758,0.5060962676830326,0.7055666604536369,0.6280858940656996,0.5110431248540473
300,0.5664633506226956,0.6121869650634908,0.5850938703105015,0.5766248679731169,0.5901714153496115,0.5969628996424294,0.5766227255490497,0.5342841411343278,0.581704555436294,0.5664612081986284,0.5952511028127886,0.5495274883719934,0.6257335124399853,0.5664612081986284,0.5495274883719934,0.5766227255490497,0.5749302105360131,0.574928068111946,0.598638275262929,0.5884789003365749,0.6782336142051285,0.5478349733589568,0.5800098979991902,0.569850523072836,0.5884789003365749,0.5860216470527744,0.5863276725545429,0.5866336980563094,0.5869397235580779,0.5872457490598465,0.5875517745616151,0.5878578000633836,0.58816382556515,0.5884698510669186,0.5887758765686872,0.5890819020704557,0.5893879275722244,0.5896939530739908,0.5899999785757594,0.5903060040775279,0.6731517843178842,0.7002491639190078,0.6240409974269487,0.5833992128733977,0.5715430380858727,0.5766248679731169,0.6189613099637716,0.5867863853235382,0.6121869650634908,0.5901714153496115,0.5833992128733978,0.5647686931855918,0.546140315921853,0.585100029002082,0.5546717109169049,0.6763849832576132,0.546219400337689,0.5563621730327482,0.6439635754672428,0.5699993553054997,0.5195692051952203,0.7498668906988296,0.5531893052687399,0.4597706320793725,0.6562180644912492,0.5495274883719934,0.546140315921853,0.5596868632983476,0.6900876465685866,0.5850895854623672,0.6443640321277913,0.5800098979991901,0.6426693746906875,0.48009366678021514,,0.5884789003365748,0.6274281698770892,0.5935585877997519,0.6247929882745131,0.5571995089564038,0.6330198966923115,0.5555498424247098,0.5720465077416493,0.5258794115189572,0.4830159332077873,0.5621463661274185,0.5918189394572383,0.5819295099633431,0.529176602158278,0.6182157463884086,0.6049969898941857,0.5934707484129994,0.4764086973847429,0.7550245200434484,0.5209346967720097,0.555551984848777,0.6083070350779093,0.7253498042895614,0.5192850302403157,0.7335917096758298,0.6181964645718044,0.9396586261491426,0.5423632222914939,0.3000314936337869,0.596765796628253,,0.6280858940656996,,0.6544634191802657,0.6330327512367143,0.5802819858557163,0.39894292796527564,0.35113687733122523,0.45664055051728836,0.4846655997394813,0.5044487435754058,0.7517273294041276,0.5670932232984333,0.705568802877704,0.3775122600217242,0.651166228540945,0.5802798434316492,0.5819295099633431,0.6330327512367143,0.5604988420197917,0.733593852099897,0.5621463661274185,0.5736854621530078,0.4220232624405209,0.5357709834369195,0.5225800784555693
320,0.5817024130122268,0.5867842428994711,0.5834013552974648,0.6087997926133503,0.5715430380858727,0.5512221458090971,0.622348482413912,0.5512221458090972,0.6037179627261061,0.6291228273141929,0.5833970704493306,0.6240431398510158,0.5749302105360131,0.6291228273141929,0.6596052369413897,0.622348482413912,0.6037201051501733,0.5901714153496115,0.5681558656357322,0.5732462652192449,0.5275119386581142,0.6054126201632098,0.6206538249768082,0.5817024130122268,0.5850917278864344,0.5949141423555095,0.5950183762304306,0.5951226101053537,0.5952268439802747,0.5953310778551958,0.5954353117301167,0.5955395456050399,0.5956437794799608,0.595748013354884,0.595852247229805,0.595956481104726,0.596060714979647,0.5961649488545702,0.5962691827294911,0.5963734166044121,0.5444478009088163,0.5613815207354513,0.7121031962824658,0.5817024130122268,0.5884789003365748,0.6121869650634908,0.5563018332722743,0.5952511028127886,0.6054126201632098,0.5732355530989093,0.5732355530989093,0.6071072776003137,0.5715430380858726,0.654408975751652,0.7321702330804378,0.49550553686239396,0.6138378849714159,0.5597430972644344,0.6153864904047512,0.6960747305811983,0.549827295261388,0.4388809650187732,0.632196540441511,0.7595214681603647,0.5241247662079738,0.6037179627261061,0.6291228273141929,0.581704555436294,0.5867842428994711,0.5935585877997519,0.5918660727867153,0.5376734560085354,0.44453156968984125,0.5495274883719934,,0.6071051351762465,0.5325937685453583,0.6477512045779318,0.5555498424247098,0.6214936552111252,0.5456732674752175,0.6181943221477373,0.7121610417322783,0.6181964645718044,0.6231433217428192,0.6528158950726389,0.6132517498248569,0.6660025152058549,0.6363406539963707,0.6940147098836449,0.48797778734727193,0.5852224157545296,0.5407242678801357,0.3692682122113887,0.6610578004589073,0.5736876045770748,0.5786301768999552,0.5044487435754059,0.6841359925100855,0.4022401186045965,0.3478375442678373,0.3626738309327472,0.5885238912419847,0.7105135176246516,0.6478711803256914,,0.5423653647155611,,0.5769847952163956,0.5885217488179175,0.5753329862606344,0.8077774278485135,0.6396271325153559,0.5209346967720097,0.6627074669906012,0.7022716122383833,0.36432349746444115,0.6116020832931629,0.4879627903788021,0.555551984848777,0.5225822208796366,0.6017126537992677,0.6116020832931629,0.5654435567667393,0.5440128888231879,0.5670910808743661,0.6478690379016242,0.6017105113752006,0.527526935626584,0.5654435567667393,0.3758647359140974
340,0.5850917278864344,0.6054126201632098,0.6087890804930146,0.598638275262929,0.6003329327000327,0.5766098710046469,0.5969457602498923,0.6917801615816231,0.6138816225005945,0.5867842428994711,0.5918660727867152,0.5884767579125076,0.5749302105360131,0.5867842428994711,0.6291228273141929,0.5969457602498923,0.5969457602498923,0.5986404176869962,0.617268794950735,0.6003265054278314,0.6003329327000327,0.5749302105360131,0.5969457602498923,0.6155741375136312,0.63420251477737,0.6049735517748912,0.6051482582174753,0.6053229646600552,0.6054976711026393,0.6056723775452212,0.6058470839878032,0.6060217904303852,0.6061964968729671,0.6063712033155491,0.6065459097581332,0.606720616200713,0.6068953226432972,0.6070700290858769,0.607244735528461,0.6074194419710451,0.6172666525266679,0.610492307626387,0.5308991111082546,0.6020254477130694,0.5647686931855918,0.5664612081986284,0.5918639303626482,0.6071072776003137,0.5681558656357322,0.5833970704493306,0.5579943482853109,0.5749302105360131,0.63420251477737,0.6611708242150246,0.6121474228555727,0.574957256307023,0.6527185136358088,0.6205997334347886,0.543103275246684,0.5397412652393321,0.6389205604562149,0.5178882001915442,0.71624679062531,0.46823963441675726,0.6020254477130694,0.7154903687326062,0.6646849244045668,0.5664612081986284,0.5715430380858726,0.5292065960952179,0.6121869650634908,0.5800098979991902,0.6528308920411089,0.7053288513821849,,0.5393659710215721,0.5444456584847491,0.5698483806487689,0.605018414134857,0.5489511762979341,0.5571995089564038,0.5736961742733433,0.5670975081465676,0.5324716503735316,0.6346802753443411,0.6412767990470498,0.6297355605973936,0.48466774216354835,0.5473015097662401,0.553900175893016,0.6297205636289236,0.5390746013484418,0.6198439886794312,0.5885238912419847,0.623141179318752,0.596765796628253,0.5951182725206262,0.6676521817375487,0.4253204530798417,0.6544634191802656,0.76161890132209,0.6231433217428192,0.6000629872675738,0.5390681740762403,0.5192850302403157,,0.501151552936085,,0.5786301768999552,0.5110431248540473,0.5736876045770748,0.4236707865481478,0.5621463661274185,0.675894087123817,0.529174459734211,0.5489576035701355,0.6857856590417793,0.6577606098195865,0.4945571716574435,0.677543753655511,0.6396271325153559,0.5390660316521731,0.5374185075445463,0.6116020832931629,0.6495187044333182,0.718757565434987,0.5852267006026639,0.5357709834369195,0.598415463159947,0.5769826527923284,0.5539044607411502
360,0.598638275262929,0.5766227255490497,0.5783238102583549,0.6087997926133504,0.5901714153496115,0.613888049772796,0.5833970704493306,0.49533701401788066,0.5850895854623672,0.5749302105360131,0.5800098979991902,0.5935585877997519,0.6189613099637716,0.5749302105360131,0.5139632488575524,0.5833970704493306,0.5021092164940945,0.598638275262929,0.5359787985714317,0.5867863853235382,0.5529146608221338,0.6087997926133503,0.5749302105360131,0.5410606284586759,0.5393659710215721,0.5539301055572338,0.5525074914801558,0.55108487740308,0.549662263326002,0.5482396492489219,0.546817035171846,0.545394421094768,0.5439718070176921,0.5425491929406142,0.5411265788635362,0.5397039647864582,0.5382813507093802,0.5368587366323043,0.5354361225552263,0.5340135084781483,0.5579943482853109,0.5986404176869962,0.503801731507131,0.5850917278864344,0.6392822022405471,0.6037201051501733,0.6087997926133504,0.6003307902759657,0.5884789003365748,0.6291228273141929,0.6358971722144738,0.5850895854623672,0.5596868632983476,0.39914919625933326,0.47183906724058955,0.5986237259288273,0.48029137781980535,0.5090292337891393,0.5767233753202037,0.5733613653128516,0.6153864904047512,0.6742216655334106,0.5346982502283042,0.5427531434717126,0.5190429363207295,0.510578218831479,0.4970295290309173,0.6257356548640525,0.5850917278864344,0.5800098979991902,0.48347869680628847,0.6443640321277914,0.63420251477737,0.769682985510786,0.6240431398510158,0.63420251477737,0.6850079591054095,0.5833970704493305,0.6049969898941857,0.6017190810714691,0.5885217488179175,0.6033473233624917,0.6033473233624917,0.5951182725206262,0.6478690379016242,0.473124361289825,0.4995018864043911,0.6247887034263788,0.6017190810714691,0.6528158950726389,0.5506222670702994,0.7797330968097163,0.5802734161594478,0.49455717165744356,0.6791912777631379,0.6643549910982279,0.6379774659836619,0.5456625553548818,0.6643549910982279,0.5769847952163956,0.6083048926538421,0.37586259349003026,0.5637938902350453,0.7154582323715992,0.5967636542041859,,0.5604966995957246,,0.6412767990470498,0.501151552936085,0.596765796628253,0.621491512787058,0.5918189394572383,0.5720379380453808,0.6973268974914356,0.8325031440073185,0.5934686059889323,0.5324737927975988,0.5951161300965591,0.6017105113752006,0.5951161300965591,0.7088659935170247,0.6412746566229826,0.6148992739324837,0.6610578004589072,0.31651530440632364,0.6874331831494063,0.555551984848777,0.6083048926538421,0.6610578004589073,0.5654435567667393
380,0.5800120404232573,0.5952532452368557,0.5817088402844283,0.5850917278864344,0.5867842428994711,0.6104815955060513,0.5783173829861535,0.5647686931855918,0.5918660727867153,0.5562996908482072,0.5664633506226956,0.5918660727867152,0.5884767579125076,0.5562996908482072,0.5901714153496115,0.5783173829861535,0.6900876465685865,0.5884789003365748,0.6240409974269487,0.5800163252713916,0.598638275262929,0.610492307626387,0.5783173829861535,0.5867842428994711,0.5715430380858726,0.5966747007569184,0.5972479013720255,0.5978211019871305,0.5983943026022376,0.5989675032173447,0.5995407038324517,0.6001139044475566,0.6006871050626638,0.6012603056777687,0.6018335062928758,0.6024067069079829,0.6029799075230899,0.603553108138195,0.604126308753302,0.6046995093684091,0.6596052369413896,0.6714592693048477,0.664687066828634,0.5901714153496115,0.63420251477737,0.5732355530989093,0.5546093182592376,0.581704555436294,0.6358950297904067,0.5969457602498923,0.5732355530989093,0.5749302105360131,0.6426715171147547,0.625671119782318,0.625671119782318,0.5884809532337683,0.6239806576664749,0.5834095668862388,0.6019384503753433,0.6053004603826954,0.6036194553790193,0.5195692051952203,0.5733613653128516,0.6138794800765274,0.617268794950735,0.6308153423272296,0.5393659710215721,0.5800098979991902,0.5749302105360131,0.6172666525266678,0.6629924093915301,0.6071072776003137,0.4479165997159146,0.4546909446161955,0.5173504213076928,0.5833992128733977,0.5156579062946561,0.5563018332722742,0.5901714153496115,0.7418336150620981,0.6577648946677208,0.7270080405175239,0.606668080666551,0.6379774659836619,0.6198461311034984,0.5819295099633431,0.6050077020145214,0.666004657629922,0.5934707484129994,0.5670975081465676,0.6528158950726389,0.5061026949552341,0.5670975081465675,0.6544634191802657,0.5852267006026639,0.4846655997394813,0.666004657629922,0.4401545973206845,0.6033580354828274,0.6429221807306096,0.5159878396009949,0.6297355605973936,0.5868742247102907,0.5093956007464205,0.5341234593292927,,0.6330327512367143,,0.5852245581785968,0.6890828496811002,0.6379774659836619,0.4500483116627139,0.6116020832931629,0.5868742247102907,0.49620469576507037,0.5275290780506512,0.5687407474060601,0.5588491754880978,0.6956772309597417,0.4170764052695063,0.515987839600995,0.5258794115189572,0.6297355605973936,0.48301807563185445,0.4764236943532129,0.677543753655511,0.5044487435754058,0.6989744215990625,0.5654435567667393,0.5077459342147266,0.6758940871238172
400,0.6206538249768083,0.5562996908482072,0.5884789003365748,0.610492307626387,0.5884789003365748,0.5580136301019152,0.5884767579125078,0.45807811706633594,0.5969457602498923,0.6003329327000327,0.5969436178258252,0.5732355530989093,0.617268794950735,0.6003329327000327,0.6714592693048477,0.5884767579125078,0.6528308920411089,0.5969436178258253,0.5918660727867153,0.6155591405451613,0.5783173829861535,0.5800120404232573,0.5749302105360131,0.6308153423272296,0.6054126201632098,0.6098987918870685,0.6111505295165878,0.612402267146109,0.6136540047756283,0.6149057424051474,0.6161574800346665,0.6174092176641879,0.618660955293707,0.6199126929232284,0.6211644305527475,0.6224161681822667,0.623667905811786,0.6249196434413072,0.6261713810708264,0.6274231187003456,0.49702952903091735,0.5038017315071311,0.5833970704493305,0.5596890057224146,0.5664633506226956,0.5901714153496115,0.6409768596776508,0.6121869650634908,0.5766227255490497,0.5664612081986284,0.5766227255490497,0.5884789003365749,0.5850895854623672,0.574957256307023,0.574957256307023,0.5817191047703957,0.634123430361534,0.6239806576664749,0.6775836755407625,0.6490065904782708,0.5935334253569634,0.6859887005591424,0.5834473953349075,0.6731539267419515,0.6003329327000327,0.5190429363207295,0.6663795818416706,0.581704555436294,0.5681558656357322,0.581704555436294,0.5495274883719934,0.5579943482853109,0.7442802633467663,0.546140315921853,0.6206538249768082,0.563074035748488,0.5579943482853109,0.5122707338445157,0.5852224157545296,0.5588491754880978,0.5819230826911418,0.4929053627016825,0.5077309372462566,0.6083070350779093,0.6214936552111252,0.6824884684024587,0.5951182725206262,0.5011515529360852,0.6247929882745131,0.49785436229676433,0.5769740830960599,0.44015888216881877,0.5258772690948901,0.6478690379016242,0.555551984848777,0.651166228540945,0.527526935626584,0.7896439505442828,0.598415463159947,0.5819295099633431,0.7302966614605763,0.5588491754880978,0.6907325162127941,0.5571995089564038,0.5769826527923284,,0.666004657629922,0.5522569366335234,0.5852267006026639,0.5901714153496115,0.5670932232984333,0.7055666604536369,0.48631526627117516,0.5885238912419847,0.624790845850446,0.45664055051728825,0.621491512787058,0.5489576035701355,0.5489576035701355,0.6660025152058549,0.6066573685462153,0.5868742247102907,0.5159878396009949,0.6594102763512805,0.664354991098228,0.5357709834369196,0.529176602158278,0.5901714153496115,0.5192850302403157,0.771508330815985,0.5984133207358798
420,0.5715430380858726,0.5986404176869962,0.6054040504669413,0.5410606284586759,0.6020254477130694,0.5986339904147947,0.617268794950735,0.63420251477737,0.5766227255490497,0.5596890057224148,0.5952532452368557,0.6037201051501733,0.563074035748488,0.5596890057224148,0.5901714153496115,0.617268794950735,0.4733193218799343,0.6003329327000327,0.6054126201632098,0.5579922058612438,0.6071051351762465,0.598638275262929,0.5884767579125076,0.5596890057224146,0.610492307626387,0.581517457542511,0.5812165672664297,0.5809156769903484,0.580614786714267,0.5803138964381879,0.5800130061621065,0.5797121158860252,0.5794112256099438,0.5791103353338626,0.5788094450577812,0.578508554781702,0.5782076645056207,0.5779067742295393,0.577605883953458,0.5773049936773766,0.5664612081986284,0.5986404176869962,0.5867842428994711,0.6155741375136312,0.5529146608221338,0.569850523072836,0.5596868632983476,0.5647686931855918,0.5986404176869962,0.5969457602498923,0.569850523072836,0.6020254477130694,0.5647686931855918,0.515791082252512,0.49043415051486444,0.5986237259288273,0.5935523395812978,0.6594803620991815,0.5548703102724158,0.7078417656069301,0.5246122202062482,0.5296552352172762,0.5515083002650639,0.5969457602498923,0.693474819018727,0.6291228273141929,0.5952511028127886,0.5952511028127886,0.5918639303626482,0.6291228273141929,0.6257356548640525,0.6189613099637716,0.6646849244045667,0.5969457602498923,0.6782336142051285,0.6545255494782126,0.5664633506226956,0.6528308920411088,0.507752361486928,0.5341256017533599,0.5341256017533599,0.5802948404001191,0.6709622269212723,0.5720357956213137,0.38575416540799257,0.5670932232984333,0.6165467980401105,0.5802798434316492,0.5819230826911418,0.5951204149446934,0.6214936552111252,0.7550309473156498,0.5802734161594478,0.5077459342147266,0.6561130857119597,0.4929096475498167,0.6017105113752006,0.6544634191802656,0.5176353637086217,0.5176375061326889,0.5769826527923284,0.5604988420197917,0.596765796628253,0.6083048926538421,0.6099524167614689,0.6116020832931629,0.5093934583223534,0.7022694698143161,0.6050077020145214,0.5786323193240224,0.555551984848777,0.5275290780506512,0.6808388018707647,0.649516562009251,0.6181964645718044,0.6445718472623034,0.4797208849925337,0.5604988420197917,0.664354991098228,0.6495187044333182,0.7055666604536368,0.6791912777631379,0.557201651380471,0.6412746566229827,0.6330327512367143,0.6857856590417793,0.5225822208796366,0.5588491754880978,0.5225800784555694,0.5209346967720097,0.6280880364897667
440,0.5833970704493306,0.6138794800765274,0.5850938703105015,0.6274281698770892,0.5698483806487689,0.5901714153496115,0.563074035748488,0.5901714153496115,0.5935585877997519,0.5732355530989093,0.5749302105360131,0.6020254477130694,0.5884789003365748,0.5732355530989093,0.6308153423272296,0.563074035748488,0.7561342957102242,0.5393659710215721,0.5884767579125076,0.6003479296685027,0.6325099997643334,0.5715430380858726,0.6037201051501733,0.6020254477130694,0.5749302105360131,0.6019090069650207,0.6023897883499264,0.6028705697348322,0.603351351119738,0.6038321325046437,0.6043129138895496,0.6047936952744553,0.605274476659361,0.6057552580442668,0.6062360394291726,0.6067168208140783,0.6071976021989841,0.6076783835838898,0.6081591649687956,0.6086399463537013,0.6528330344651759,0.598638275262929,0.47840115176717846,0.5918639303626482,0.6138794800765274,0.5512200033850301,0.5833970704493306,0.6121869650634908,0.5546071758351705,0.6257356548640525,0.6375896872275104,0.5783173829861535,0.5613815207354513,0.5597430972644344,0.6172188092031022,0.6510280515199656,0.53607662764263,0.5935523395812978,0.635558550448863,0.5010781501547845,0.5767233753202037,0.6708596555260585,0.5699993553054997,0.451303772166055,0.5308991111082546,0.6054126201632098,0.48348083923035556,0.5952532452368557,0.6037201051501733,0.5681558656357322,0.581704555436294,0.5749302105360131,0.569850523072836,0.5579943482853109,0.5783173829861535,0.5817024130122268,0.5664612081986284,0.48178618179325183,0.6742401357439889,0.552250509361322,0.5951204149446934,0.46488245590355665,0.5703754169692841,0.596765796628253,0.6956772309597418,0.5967657966282529,0.5407156981838671,0.5720379380453808,0.6033687476031631,0.6313916544012889,0.5835727492228356,0.4780583639164369,0.629741987869595,0.6148992739324837,0.5720357956213137,0.6181943221477374,0.5209346967720097,0.5604966995957247,0.6000629872675737,0.5984133207358798,0.6050077020145214,0.6445718472623033,0.555551984848777,0.5868742247102908,0.6528158950726389,0.5489576035701355,0.6412746566229827,0.4714789796062653,0.5539044607411502,0.5670910808743661,0.6083048926538421,0.5670910808743661,0.5324737927975988,0.5258794115189572,0.5209325543479425,0.4863152662711752,0.7022716122383832,0.6956772309597417,0.5077459342147266,0.623141179318752,0.45334550230203463,0.5110409824299803,0.6676521817375487,0.5852267006026639,0.5670910808743662,0.555551984848777,0.6396271325153559,0.5192850302403157,0.7665636160690374,0.5456604129308147,0.4929075051257496
460,0.5800098979991902,0.5935585877997519,0.5918639303626482,0.5546071758351705,0.6121869650634908,0.5732248409785736,0.5986404176869962,0.6375896872275104,0.5901714153496115,0.6155741375136312,0.6155741375136312,0.5495274883719934,0.6071072776003137,0.6155741375136312,0.5444478009088163,0.5986404176869962,0.43437005233942005,0.5867842428994711,0.5681558656357322,0.5884789003365749,0.5850895854623672,0.5783173829861535,0.6071051351762465,0.6054126201632098,0.6037201051501733,0.5802650178571046,0.5798677662905385,0.5794705147239744,0.5790732631574081,0.5786760115908441,0.5782787600242779,0.5778815084577139,0.5774842568911477,0.5770870053245837,0.5766897537580175,0.5762925021914534,0.5758952506248872,0.5754979990583232,0.5751007474917571,0.5747034959251909,0.6900876465685866,0.6037201051501733,0.657910579504286,0.5918660727867152,0.5647686931855918,0.5969457602498923,0.5935585877997519,0.5715430380858726,0.5884767579125076,0.5935585877997519,0.5817024130122268,0.5969457602498923,0.6020275901371366,0.67469452114177,0.6070760365080432,0.585100029002082,0.6713135969100836,0.5124101580208257,0.6153864904047512,0.5968954353643154,0.5784043803238796,0.5061211651658125,0.6153864904047512,0.7341187459963451,0.5562996908482072,0.5596890057224148,0.6494437195909684,0.6409768596776508,0.6375896872275104,0.6223463399898449,0.5715430380858727,0.5817024130122268,0.451303772166055,0.5850917278864344,0.622348482413912,0.5258194236450775,0.6172666525266678,0.581704555436294,0.5901714153496115,0.5934707484129994,0.6610428034904373,0.7335852824036284,0.5604988420197917,0.6264405123821399,0.5885217488179175,0.6198439886794312,0.596765796628253,0.4995018864043911,0.5258772690948901,0.5044316041828688,0.5819230826911418,0.5621485085514857,0.5736961742733434,0.6462215137939973,0.380809450661045,0.5852267006026639,0.5390660316521731,0.45334550230203463,0.6198439886794312,0.6050077020145214,0.555551984848777,0.5209346967720097,0.6544634191802656,0.48301807563185445,0.47312650371389214,0.5769847952163956,0.5176375061326889,0.557201651380471,0.5687407474060601,0.6330327512367143,0.4830180756318544,0.6148992739324837,0.6940297068521148,0.5093934583223535,0.7039191363460101,0.6017105113752006,0.5126906489616743,0.6660025152058549,0.6791912777631378,0.5324737927975988,0.6363299418760351,0.6462215137939974,0.5440128888231879,0.5753329862606344,0.5473100794625086,0.555551984848777,0.6050077020145214,0.6989744215990624,0.6017126537992677,0.6808409442948319,0.6181964645718044
480,0.5867842428994711,0.5935585877997519,0.6037115354539047,0.6054126201632098,0.5783173829861535,0.6105030197467226,0.6087997926133504,0.5969436178258252,0.5867842428994711,0.5935585877997519,0.598638275262929,0.610492307626387,0.5884767579125078,0.5935585877997519,0.5749302105360131,0.6087997926133504,0.5918639303626482,0.6308153423272296,0.5850917278864344,0.602019020440868,0.5647686931855918,0.5935585877997519,0.6087997926133503,0.5529146608221338,0.5918639303626482,0.5886295555969757,0.5881827052652385,0.5877358549334991,0.5872890046017619,0.5868421542700247,0.5863953039382874,0.5859484536065481,0.5855016032748109,0.5850547529430715,0.5846079026113343,0.584161052279597,0.5837142019478598,0.5832673516161205,0.5828205012843832,0.582373650952646,0.4648524619666168,0.5715430380858727,0.66299240939153,0.5800098979991902,0.6054126201632098,0.6291228273141929,0.5630761781725552,0.5901714153496115,0.5867863853235382,0.598638275262929,0.5681558656357322,0.5664612081986284,0.610492307626387,0.654408975751652,0.5631240214961208,0.5715763320753366,0.5377670897584732,0.644266203056593,0.5111641801768404,0.5548703102724158,0.6590926205003267,0.7397808606767737,0.6506875954819468,0.5715430380858726,0.5833992128733977,0.6138794800765274,0.6274281698770892,0.6155741375136312,0.5393659710215721,0.5105782188314791,0.6054126201632098,0.7104106812694291,0.7137978537195696,0.6189613099637716,0.598638275262929,0.6291206848901257,0.6020275901371366,0.7239593710699909,0.5967700814763873,0.6214936552111252,0.5786451738684252,0.48630669657490666,0.5637981750831796,0.5868742247102907,0.6478711803256914,0.49620469576507037,0.5522547942094562,0.6165467980401105,0.5522505093613219,0.5819445069318131,0.5753458408050373,0.5852224157545296,0.6412682293507812,0.6198439886794312,0.6561130857119597,0.5687407474060601,0.6148992739324837,0.731944185568203,0.7286469949288823,0.45829021704898226,0.502801219467779,0.596765796628253,0.6000629872675738,0.6445739896863705,0.6132517498248569,0.6313830847050204,0.5901714153496115,0.6956750885356746,0.6874331831494063,0.5473100794625086,0.6627053245665341,0.5258794115189572,0.5489576035701355,0.666004657629922,0.6429243231546766,0.651166228540945,0.5192850302403158,0.6050077020145214,0.5654435567667393,0.5242297449872633,0.6330327512367143,0.5522569366335234,0.6660025152058549,0.49290964754981675,0.6495187044333182,0.5901714153496115,0.6280858940656996,0.38905135604731333,0.44839864513101996,0.5324737927975988,0.6050098444385885
500,0.6037201051501733,0.5850917278864344,0.5698612351931717,0.5867863853235382,0.5833970704493306,0.6003265054278314,0.5546071758351705,0.6375896872275104,0.5292044536711508,0.6071072776003137,0.5952511028127886,0.6003329327000329,0.5969457602498923,0.6071072776003137,0.503801731507131,0.5546071758351705,0.6833154440923728,0.6037201051501733,0.5952511028127886,0.5546071758351705,0.5952532452368557,0.563074035748488,0.5901714153496115,0.6020254477130694,0.5681558656357322,0.5856658546879452,0.5855745775345755,0.5854833003812037,0.5853920232278339,0.5853007460744599,0.5852094689210903,0.5851181917677184,0.5850269146143486,0.5849356374609769,0.5848443603076071,0.5847530831542331,0.5846618060008634,0.5845705288474915,0.5844792516941218,0.5843879745407521,0.6172666525266678,0.6358950297904067,0.49533487159381356,0.6121869650634908,0.5918660727867153,0.5495274883719934,0.6579105795042859,0.5935585877997519,0.5817024130122268,0.5833970704493306,0.5850917278864344,0.6206538249768083,0.5952532452368557,0.5411480139901595,0.6425757409407498,0.6358138924773771,0.574957256307023,0.6341234303615338,0.6170674954084272,0.6187485004121032,0.5649563402944717,0.46745805008126495,0.6019384503753433,0.5292065960952179,0.6325078573402663,0.6274303123011563,0.5783173829861535,0.5833970704493305,0.6392822022405471,0.6138794800765274,0.5749302105360131,0.4767064943300747,0.42251387755189485,0.5173504213076928,0.5495274883719934,0.5850917278864344,0.5766227255490497,0.4970273866068502,0.605018414134857,0.5984197480080813,0.6066466564258797,0.6462172289458631,0.6214936552111252,0.6297355605973936,0.5621463661274185,0.5506072701018294,0.5868742247102907,0.5951182725206262,0.6412682293507812,0.6181943221477373,0.6214936552111252,0.5951204149446934,0.453334790181699,0.5918210818813054,0.5423632222914939,0.6940275644280478,0.637979608407729,0.58357703407097,0.4962068381891375,0.5341213169052256,0.4978543622967643,0.6627053245665341,0.5786301768999552,0.555551984848777,0.6841359925100855,0.5506072701018294,0.6577606098195865,0.6280880364897667,0.5687407474060601,0.6066573685462153,0.6000629872675738,0.690730373788727,0.7039191363460101,0.6330327512367143,0.4962068381891375,0.637979608407729,0.6363299418760351,0.5324737927975988,0.6528158950726389,0.7039212787700772,0.6379774659836619,0.6297355605973936,0.6462215137939974,0.6379774659836619,0.5802798434316492,0.5374185075445463,0.5291766021582781,0.7385385668468445,0.730294519036509,0.5324716503735316,0.5951161300965591
520,0.6037201051501733,0.5952511028127886,0.5816874160437568,0.6172666525266678,0.6138816225005945,0.5901714153496115,0.5766227255490497,0.44961125715301836,0.5935585877997519,0.5817024130122268,0.5783173829861535,0.6054126201632098,0.5850917278864344,0.5817024130122268,0.598638275262929,0.5766227255490497,0.5190429363207295,0.5444478009088163,0.5630761781725552,0.6257356548640525,0.6477512045779318,0.6071072776003137,0.5783173829861535,0.5749302105360131,0.5901714153496115,0.5842454489556754,0.584326365016653,0.5844072810776328,0.5844881971386106,0.5845691131995904,0.5846500292605681,0.5847309453215479,0.5848118613825255,0.5848927774435053,0.584973693504483,0.5850546095654628,0.5851355256264406,0.5852164416874204,0.585297357748398,0.5853782738093757,0.5563018332722742,0.503801731507131,0.541060628458676,0.581704555436294,0.6189613099637716,0.5935564453756847,0.5647708356096589,0.5918639303626482,0.617268794950735,0.5715430380858727,0.5833970704493306,0.5867863853235382,0.5918639303626482,0.5935523395812978,0.4549344460821579,0.6003141880446705,0.7355511573121242,0.5512907866852186,0.5918524203532874,0.549827295261388,0.6590926205003267,0.6422825704635668,0.6708596555260586,0.6477490621538646,0.5749302105360131,0.5766227255490497,0.5613815207354513,0.5122707338445157,0.5427552858957796,0.6867026165425132,0.6020254477130694,0.6612998943784935,0.610492307626387,0.6392822022405471,0.6240409974269487,0.5952511028127886,0.7222647136328871,0.6138816225005945,0.5951204149446934,0.5555498424247098,0.5703968412099554,0.6198654129201027,0.6280923213379009,0.6297355605973936,0.5093934583223534,0.6495187044333182,0.5720379380453808,0.58357703407097,0.6297419878695949,0.7039127090738087,0.573674750032672,0.6379903205280647,0.6890871345292344,0.5868742247102907,0.5588513179121649,0.5456625553548818,0.6017105113752006,0.6099524167614689,0.4599377411566091,0.6412746566229826,0.6330327512367143,0.6066573685462153,0.5720379380453808,0.7253498042895614,0.5126906489616742,0.5868742247102907,0.5192850302403157,0.5456625553548818,0.6017105113752006,0.6066552261221482,0.6066573685462153,0.6066573685462153,0.5143403154933681,0.5670910808743661,0.4995018864043911,0.4846655997394812,0.5901714153496115,0.5736854621530078,0.5506072701018294,0.799533380038178,0.5077459342147266,0.6165467980401105,0.48136840910016054,0.6231433217428192,0.6000629872675738,0.5423653647155611,0.5374185075445463,0.5522547942094562,0.5291766021582781,0.5901714153496115,0.4978543622967643
540,0.5783152405620864,0.5613815207354513,0.6121955347597593,0.6071072776003137,0.5867842428994711,0.6020190204408681,0.6257356548640525,0.5935585877997519,0.6443640321277914,0.605414762587277,0.5969457602498923,0.5393659710215721,0.5783152405620864,0.605414762587277,0.6663795818416706,0.6257356548640525,0.49702952903091735,0.6054126201632098,0.622348482413912,0.5596847208742805,0.5342841411343279,0.5800098979991901,0.5918660727867153,0.5935585877997519,0.5901714153496115,0.5826179136645949,0.5818857583678542,0.5811536030711156,0.5804214477743749,0.5796892924776363,0.5789571371808956,0.578224981884157,0.5774928265874163,0.5767606712906777,0.5760285159939369,0.5752963606971984,0.5745642054004576,0.5738320501037191,0.5730998948069783,0.5723677395102376,0.6612977519544264,0.5749302105360131,0.6189591675397045,0.5495253459479262,0.5732355530989093,0.5969457602498923,0.5884767579125078,0.6087997926133504,0.5884767579125076,0.6054126201632098,0.5901714153496115,0.5935564453756847,0.5901714153496115,0.6459566651724361,0.6696231347942405,0.5800286426545525,0.5157910822525119,0.5969332638129842,0.630515535437835,0.5649563402944717,0.6002574453716674,0.5262932252099242,0.5817663903312316,0.6138816225005944,0.5647686931855918,0.5698483806487689,0.6358971722144738,0.6714592693048477,0.5817024130122268,0.5241226237839066,0.5850895854623672,0.5546071758351705,0.5512221458090972,0.5427531434717126,0.6037201051501733,0.5800120404232573,0.5833970704493305,0.5681558656357322,0.573674750032672,0.6330413209329828,0.6033687476031631,0.5126799368413385,0.5555498424247098,0.6000629872675738,0.6346802753443411,0.6033601779068944,0.6610578004589073,0.6148992739324837,0.5143296033730325,0.5159792699047264,0.6149164133250207,0.575324416564366,0.5703968412099554,0.514338173069301,0.5951161300965591,0.5209325543479425,0.5110431248540473,0.489612456910496,0.7154582323715991,0.6412767990470498,0.6363299418760351,0.6050077020145214,0.5753351286847016,0.39894292796527564,0.596765796628253,0.6445739896863705,0.6280880364897667,0.6083048926538421,0.5341234593292927,0.6857856590417795,0.5901714153496115,0.5440128888231879,0.677541611231444,0.5522569366335235,0.58357703407097,0.6099545591855361,0.6330327512367143,0.6544655616043328,0.5374185075445463,0.40883449988323795,0.5621463661274185,0.5918210818813054,0.6116020832931629,0.4764236943532129,0.5440128888231879,0.7269973283971883,0.596765796628253,0.6066573685462153,0.624790845850446,0.5901714153496115,0.6132496074007897
560,0.5969457602498923,0.598638275262929,0.6088105047336859,0.563074035748488,0.6054126201632098,0.5749387802322816,0.5647686931855918,0.6646849244045668,0.5715430380858726,0.5817024130122268,0.5766227255490497,0.5935585877997519,0.5850917278864344,0.5817024130122268,0.6375896872275104,0.5647686931855918,0.6054126201632098,0.5833970704493306,0.574928068111946,0.6037115354539047,0.6003329327000327,0.5800098979991902,0.5901714153496115,0.5715430380858726,0.5867842428994711,0.5675292494445766,0.5719156946241482,0.5746074823666137,0.5281884832181459,0.49193100142009727,0.5301870286770061,0.495622061891994,0.6236349454415236,0.60431118347011,0.6341003508137013,0.7705800942765463,0.6598069609994772,0.5591953450728274,0.6567258189951602,0.6052249899594482,0.6155741375136312,0.5935585877997519,0.5918660727867153,0.5935585877997519,0.5901714153496115,0.6071072776003137,0.5800098979991901,0.5884789003365748,0.6071072776003137,0.581704555436294,0.5749302105360131,0.5630761781725552,0.5867842428994711,0.5445289382218459,0.5901714153496115,0.5766477184228661,0.5986237259288274,0.6121474228555727,0.6406015654598909,0.6859887005591424,0.623791515423131,0.5649563402944718,0.48090609011067276,0.48178618179325183,0.6917823040056903,0.546140315921853,0.5833970704493306,0.5004145590569906,0.629122827314193,0.6189613099637716,0.6003329327000329,0.5478328309348897,0.5715430380858726,0.6037201051501733,0.5918639303626482,0.6121869650634908,0.5867842428994711,0.5647686931855918,0.5654478416148736,0.5786237496277539,0.5934493241723281,0.5440236009435235,0.5654478416148736,0.5308241262659048,0.5555541272728441,0.502799077043712,0.5407156981838671,0.675894087123817,0.6379903205280647,0.5440236009435235,0.5819230826911418,0.6000694145397751,0.5357752682850538,0.5423653647155611,0.6033601779068944,0.6000629872675738,0.6660025152058549,0.5077459342147266,0.6297377030214607,0.6132496074007897,0.5802798434316492,0.5934686059889323,0.5720379380453808,0.7138107082639724,0.6083048926538421,0.6017105113752006,0.5703882715136869,0.5489576035701355,0.6264383699580728,0.5143403154933681,0.5736854621530076,0.6050077020145214,0.5192850302403158,0.7121610417322783,0.5341213169052256,0.5984133207358798,0.6000629872675738,0.5621463661274185,0.7171078989032932,0.5489576035701355,0.5885238912419847,0.542363222291494,0.6758962295478843,0.771508330815985,0.5819295099633431,0.489612456910496,0.6528158950726389,0.5126906489616743,0.48136840910016043,0.6429243231546766,0.6346824177684083
580,0.5986404176869962,0.5850917278864344,0.5478156915423525,0.5918660727867153,0.5647686931855918,0.583401355297465,0.5884789003365748,0.5833970704493305,0.581704555436294,0.5867842428994711,0.6054126201632098,0.6020275901371366,0.5749302105360131,0.5867842428994711,0.5884789003365749,0.5884789003365748,0.63420251477737,0.5918639303626482,0.5935585877997519,0.5597061451149518,0.5495274883719934,0.5833970704493306,0.5935585877997519,0.6037201051501733,0.6087997926133504,0.5800098979991902,0.6054126201632098,0.5952511028127886,0.5529146608221338,0.6189613099637716,0.5833970704493306,0.5800098979991902,0.6189613099637716,0.6934748190187269,0.5715430380858726,0.5901714153496115,0.6680720968547073,0.669766754291811,0.598638275262929,0.6477512045779318,0.539365971021572,0.5935585877997519,0.4682396344167572,0.6104944500504541,0.581704555436294,0.5749302105360131,0.5986404176869962,0.5749302105360131,0.5579943482853109,0.5817024130122268,0.5952511028127886,0.5918660727867153,0.6155741375136312,0.5918618774654547,0.5834095668862388,0.5783381805387093,0.5952428016971409,0.5715763320753366,0.5800853853275556,0.5111641801768404,0.54478428025036,0.6439635754672428,0.5884904103459355,0.6291228273141929,0.5122685914204486,0.5647686931855918,0.6426693746906875,0.63420251477737,0.5766227255490497,0.6189613099637716,0.622348482413912,0.6020275901371366,0.5969457602498924,0.5139632488575523,0.6155741375136312,0.5715430380858726,0.6325099997643334,0.6460565471408279,0.5951204149446934,0.5885217488179175,0.5736961742733433,0.595098990704022,0.5390746013484418,0.6396271325153559,0.6297355605973936,0.5390681740762403,0.5341234593292927,0.4797208849925337,0.5819230826911418,0.647866895477557,0.5539001758930159,0.6049969898941857,0.6379688962873933,0.6346802753443411,0.5753329862606344,0.6066573685462153,0.5110431248540473,0.48796279037880197,0.5489576035701355,0.5423653647155611,0.5423632222914939,0.502799077043712,0.5786323193240224,0.6198439886794312,0.58357703407097,0.6264383699580728,0.5687407474060601,0.651166228540945,0.651166228540945,0.6330327512367143,0.6280880364897667,0.5918210818813054,0.7352413762075238,0.5357709834369195,0.6198461311034984,0.6264383699580728,0.5522547942094562,0.5918189394572383,0.4764236943532129,0.8572310025901907,0.6923800403204209,0.5637960326591125,0.5506072701018294,0.5077459342147266,0.5802798434316492,0.5456604129308147,0.5522547942094562,0.5918210818813054,0.6742465630161903,0.5736854621530078,0.5242297449872633
600,0.5800098979991901,0.6087997926133504,0.5952703846293927,0.5901714153496115,0.6121869650634908,0.6104815955060513,0.5817024130122268,0.5410606284586759,0.5952511028127886,0.5867842428994711,0.5783173829861535,0.5766227255490497,0.5969457602498923,0.5986404176869962,0.6240409974269487,0.5817024130122268,0.5596890057224146,0.5630761781725552,0.5833992128733977,0.6223292005973079,0.6037201051501733,0.6071072776003137,0.6189591675397045,0.6071051351762465,0.5579964907093781,0.5546071758351705,0.6189613099637716,0.6037201051501733,0.5833970704493306,0.563074035748488,0.6071072776003137,0.5563018332722742,0.662990266967463,0.6037201051501733,0.6054126201632098,0.5427531434717126,0.5427552858957796,0.6020254477130694,0.5681558656357322,0.48178618179325183,0.5749302105360131,0.546140315921853,0.6223463399898449,0.6155741375136312,0.6121869650634908,0.5800098979991901,0.5681558656357322,0.5749302105360131,0.6308153423272296,0.617268794950735,0.5800120404232573,0.5783152405620864,0.5800098979991902,0.6307425061298475,0.6172188092031021,0.684837293836829,0.5732667941911798,0.6036951122763569,0.5716803603091757,0.6137054854010752,0.5901714153496115,0.5380602602356561,0.5464652852540359,0.6054126201632098,0.6003329327000329,0.5833970704493306,0.6121869650634908,0.6900876465685865,0.6850079591054095,0.5021092164940945,0.5579943482853109,0.6460565471408279,0.6138794800765274,0.6054126201632098,0.5952532452368556,0.5359787985714317,0.44283691225273747,0.5444456584847491,0.6330198966923115,0.5374249348167478,0.5835727492228356,0.649516562009251,0.7401839485304043,0.5802798434316492,0.6462215137939974,0.6148992739324837,0.6445718472623034,0.6495187044333182,0.6082963229575736,0.5489511762979341,0.606668080666551,0.5324759352216659,0.5242276025631962,0.6280880364897667,0.5621485085514857,0.4780712184608397,0.6610578004589072,0.6660025152058549,0.6198439886794312,0.6000629872675738,0.6247908458504461,0.49950402882845824,0.5753351286847016,0.5555541272728441,0.6231433217428192,0.555551984848777,0.6050077020145214,0.5819295099633431,0.5341213169052256,0.5637960326591125,0.5918189394572383,0.6198439886794312,0.48301807563185445,0.6445718472623034,0.6181964645718044,0.5374185075445463,0.6808409442948318,0.5852267006026639,0.5390660316521731,0.4005925944969696,0.6066552261221482,0.5720379380453808,0.4632349317959299,0.6495165620092511,0.5753351286847016,0.6330348936607814,0.5324737927975989,0.5934664635648651,0.7055666604536368,0.5110431248540473,0.5456625553548818
620,0.6054126201632098,0.6003329327000327,0.5884789003365748,0.5800098979991901,0.5715430380858726,0.578323810258355,0.6087997926133503,0.5241247662079738,0.5427531434717126,0.5715430380858726,0.6189613099637716,0.6003329327000329,0.5800098979991901,0.5596868632983476,0.5173504213076928,0.6087997926133503,0.6375896872275104,0.622348482413912,0.5935564453756849,0.5850938703105015,0.5952511028127886,0.5867842428994711,0.5969457602498923,0.6206538249768082,0.5867842428994711,0.5952532452368557,0.5800098979991902,0.581704555436294,0.5918660727867152,0.6104944500504541,0.5783152405620864,0.6054126201632098,0.49702952903091735,0.5766227255490497,0.5579943482853109,0.6037201051501733,0.6257335124399853,0.6037201051501733,0.6325099997643333,0.5783173829861535,0.6138816225005945,0.6460565471408279,0.569850523072836,0.5833970704493306,0.5613815207354513,0.6629924093915301,0.5833970704493306,0.6020254477130694,0.5732355530989093,0.581704555436294,0.5918639303626482,0.5867842428994711,0.5579943482853109,0.5715763320753366,0.5901714153496115,0.5411480139901595,0.644266203056593,0.564814483611964,0.5800853853275556,0.5817663903312316,0.5599133252834438,0.5178882001915442,0.6069814653863713,0.5766227255490497,0.6054126201632098,0.6257356548640525,0.4885626691175998,0.46146528951647636,0.5444478009088163,0.7137978537195695,0.6003329327000327,0.6138794800765274,0.546140315921853,0.6799282716422324,0.5884767579125076,0.6155741375136312,0.598638275262929,0.622348482413912,0.6561152281360267,0.6346695632240055,0.5868720822862236,0.6017190810714691,0.5242276025631962,0.6841381349341525,0.5951161300965591,0.651166228540945,0.6148992739324837,0.5901714153496115,0.6033687476031631,0.5819445069318131,0.6049969898941857,0.5868720822862236,0.6940361341243164,0.5341213169052256,0.6247887034263788,0.6132517498248569,0.527526935626584,0.6577606098195865,0.5753351286847016,0.58357703407097,0.5324737927975988,0.6808388018707647,0.6363299418760351,0.7039191363460101,0.5934686059889323,0.5736876045770748,0.6132517498248569,0.5357709834369195,0.6050077020145214,0.5473079370384415,0.6346824177684083,0.6066573685462153,0.6445718472623034,0.5159878396009949,0.5044487435754058,0.6132517498248569,0.5835770340709701,0.6116020832931629,0.527526935626584,0.5126906489616742,0.5539044607411502,0.6676500393134817,0.6280858940656995,0.5374185075445463,0.5324716503735317,0.5786301768999552,0.6495187044333182,0.6050098444385885,0.5951182725206262,0.6363299418760351,0.71875542301092
640,0.5596890057224146,0.5732355530989093,0.5732248409785736,0.6037201051501733,0.6087997926133504,0.5867863853235382,0.5715430380858727,0.622348482413912,0.5884789003365748,0.5884789003365749,0.5546071758351705,0.5647686931855918,0.5952511028127886,0.6003329327000327,0.6850079591054093,0.5715430380858727,0.563074035748488,0.610492307626387,0.5613836631595185,0.6020404446815394,0.5935585877997519,0.5918660727867153,0.5647686931855918,0.5325937685453583,0.6087997926133504,0.5884767579125078,0.5766227255490497,0.6172666525266679,0.5817024130122268,0.5833970704493306,0.5647708356096589,0.5867842428994711,0.581704555436294,0.576624867973117,0.6545255494782126,0.5833970704493305,0.5308991111082546,0.5613815207354513,0.5647686931855918,0.6291228273141929,0.5681558656357322,0.6731539267419515,0.6037201051501733,0.6037201051501732,0.5766227255490497,0.5681558656357322,0.5935585877997519,0.5800098979991901,0.581704555436294,0.5935564453756847,0.5969457602498923,0.6104944500504541,0.5732376955229764,0.5665049457278071,0.5428384761060028,0.5377670897584732,0.5005769232099234,0.5479098624535322,0.6271535254304831,0.623791515423131,0.5985764403679914,0.6439635754672429,0.548146290257712,0.5749302105360131,0.6121869650634908,0.6680720968547073,0.7391984334595221,0.6087997926133504,0.5952511028127886,0.5427531434717126,0.5867842428994711,0.5783173829861535,0.4987220440439539,0.5427531434717126,0.6799282716422324,0.640976859677651,0.6206538249768083,0.5630761781725552,0.4929053627016825,0.6693125603895784,0.5835941734635071,0.5571995089564038,0.5604988420197917,0.5357688410128525,0.43191269193441617,0.5440128888231879,0.5670910808743661,0.5374185075445463,0.6396185628190872,0.6626924700221313,0.5967700814763873,0.6742615599846603,0.4962046957650703,0.6462215137939974,0.5802819858557163,0.623141179318752,0.6692997058451756,0.5077459342147266,0.5786323193240224,0.5374185075445463,0.5984133207358798,0.6297355605973936,0.6676521817375487,0.4549908839855944,0.542363222291494,0.5951161300965591,0.5687407474060601,0.6264383699580728,0.5390681740762403,0.6017126537992677,0.5720379380453808,0.514338173069301,0.4566426929413554,0.6890828496811002,0.6923778978963538,0.5703882715136869,0.5901714153496115,0.5951161300965591,0.6693018482692428,0.6346802753443411,0.5192850302403158,0.677543753655511,0.5258794115189573,0.49290964754981675,0.5242318874113304,0.6083048926538421,0.5341213169052256,0.6594081339272133,0.4797208849925337,0.6462215137939974,0.6742465630161902
660,0.6189591675397045,0.6087997926133504,0.6020190204408681,0.5850895854623672,0.5901714153496115,0.5901714153496115,0.6087997926133503,0.6189613099637716,0.6155741375136312,0.6392822022405471,0.5986404176869962,0.5969457602498923,0.5935585877997519,0.6511383770280722,0.581704555436294,0.6087997926133503,0.5749302105360131,0.5918660727867152,0.6189591675397045,0.5867863853235382,0.5749302105360131,0.5766227255490497,0.605414762587277,0.6037179627261061,0.5698483806487689,0.5952532452368557,0.6138816225005945,0.5884789003365748,0.6189613099637716,0.5800098979991901,0.6138794800765274,0.6037201051501733,0.6257335124399853,0.574928068111946,0.622348482413912,0.6257335124399853,0.6071072776003137,0.6037201051501732,0.6121869650634908,0.5749302105360131,0.5173504213076928,0.49702952903091735,0.5427531434717126,0.5935585877997519,0.6054126201632098,0.6037201051501733,0.5833970704493306,0.5901714153496115,0.5850917278864344,0.5952532452368557,0.610492307626387,0.5664612081986284,0.6274281698770892,0.5884809532337684,0.4921246126307076,0.6408852788249065,0.5715763320753366,0.6003141880446705,0.5750423703165277,0.549827295261388,0.5279742302136002,0.5868094053422594,0.6019384503753433,0.5884789003365748,0.5783173829861535,0.5410606284586759,0.5275119386581141,0.569850523072836,0.5647686931855918,0.6037201051501733,0.5952511028127886,0.6121869650634908,0.6833133016683056,0.5800098979991902,0.503801731507131,0.63420251477737,0.5969457602498924,0.5783173829861535,0.5835941734635071,0.5357538440443825,0.5868720822862236,0.7105113752005845,0.6165446556160433,0.5275290780506512,0.6956772309597417,0.6874331831494063,0.6758962295478842,0.6214936552111252,0.5572209331970752,0.5703968412099554,0.6808388018707647,0.5786237496277538,0.5324759352216659,0.5390681740762403,0.58357703407097,0.5357688410128525,0.49290964754981675,0.527526935626584,0.5324737927975988,0.6033601779068946,0.6841381349341525,0.5440128888231879,0.5324716503735317,0.6511683709650121,0.624790845850446,0.5885238912419847,0.6132496074007897,0.6379774659836619,0.6148992739324837,0.690730373788727,0.664354991098228,0.637979608407729,0.5374185075445463,0.46158740768830303,0.5489597459942026,0.637979608407729,0.6066573685462152,0.598415463159947,0.4978543622967643,0.6099545591855361,0.6050077020145214,0.4780712184608397,0.5736876045770748,0.5637938902350453,0.5736854621530076,0.5225822208796365,0.5225822208796365,0.5060962676830327,0.6116020832931629,0.4549930264096615,0.5473100794625086
680,0.5918660727867153,0.5749302105360131,0.5952703846293927,0.5901714153496115,0.5918639303626482,0.6223506248379792,0.5935585877997519,0.5698483806487689,0.5596868632983476,0.5681558656357322,0.598638275262929,0.5613815207354513,0.5850917278864344,0.5546071758351705,0.5495253459479262,0.5935585877997519,0.5410606284586759,0.6003329327000329,0.5766248679731169,0.6054040504669413,0.5647686931855918,0.6020254477130694,0.5783152405620864,0.6291228273141929,0.622348482413912,0.5918639303626482,0.5766227255490498,0.5596868632983476,0.5529146608221338,0.5969457602498923,0.5833970704493306,0.5935585877997519,0.5986404176869962,0.6138816225005945,0.527509796234047,0.6257356548640525,0.6189613099637716,0.5850917278864344,0.6121869650634908,0.6037179627261061,0.6358950297904067,0.5817024130122268,0.63420251477737,0.5800098979991901,0.6003329327000327,0.5833970704493306,0.5935585877997519,0.5850917278864344,0.5732355530989093,0.581704555436294,0.5630761781725552,0.6003329327000327,0.5884789003365748,0.5715763320753366,0.6020046501605136,0.5563621730327482,0.6036951122763569,0.6493375894041225,0.5582323202797679,0.5531893052687399,0.630515535437835,0.5666373452981478,0.6557306104929748,0.610492307626387,0.622348482413912,0.6731539267419515,0.5258194236450775,0.6121869650634908,0.6291228273141929,0.546140315921853,0.5935585877997519,0.5444478009088163,0.5376734560085354,0.5918639303626482,0.5884789003365748,0.5292044536711508,0.5833970704493305,0.5613815207354513,0.5555498424247098,0.5753458408050373,0.5604988420197917,0.5242276025631961,0.509402028018622,0.5720357956213137,0.6791912777631379,0.596765796628253,0.5308241262659048,0.6116020832931629,0.6115956560209614,0.6643635607944965,0.552250509361322,0.527526935626584,0.5802734161594478,0.5654435567667393,0.6017105113752006,0.6033601779068946,0.596765796628253,0.6676521817375487,0.6627053245665341,0.6478690379016241,0.5604966995957247,0.6594102763512805,0.6445739896863705,0.6066552261221482,0.5341213169052256,0.6099524167614689,0.5984133207358798,0.5786323193240224,0.6330327512367143,0.5324737927975988,0.5703882715136869,0.5736854621530076,0.5868742247102907,0.6017105113752006,0.6528137526485718,0.58357703407097,0.5769826527923284,0.5423632222914939,0.6033580354828274,0.5670932232984333,0.6412767990470498,0.6033601779068946,0.5753329862606344,0.6198461311034984,0.6017105113752006,0.6725990389085635,0.5670910808743661,0.6083070350779093,0.5654435567667393,0.6577606098195865,0.5786301768999552
700,0.598638275262929,0.5715430380858726,0.5901714153496115,0.6104944500504541,0.6138816225005945,0.5512221458090972,0.5647686931855918,0.5563018332722742,0.6155741375136312,0.5884789003365748,0.6020254477130694,0.6121869650634908,0.6003329327000329,0.5935585877997519,0.5596890057224148,0.5647686931855918,0.5918639303626482,0.5783152405620864,0.5884767579125078,0.5800163252713916,0.3412260235966587,0.5935585877997519,0.5901714153496115,0.5749302105360131,0.5935585877997519,0.5935585877997519,0.5596890057224146,0.6155741375136312,0.5918639303626482,0.6562180644912493,0.5850917278864344,0.5969457602498923,0.6274281698770892,0.5850917278864344,0.5664633506226956,0.47840115176717857,0.5969436178258253,0.6121869650634908,0.546140315921853,0.5935585877997519,0.5800098979991902,0.5969457602498923,0.686700474118446,0.5647686931855918,0.6071072776003137,0.5969457602498923,0.5935585877997519,0.5969457602498923,0.5647686931855918,0.6121869650634908,0.5884789003365748,0.5850917278864344,0.6037179627261061,0.5918618774654547,0.6121474228555727,0.67469452114177,0.5766477184228661,0.5039578474416098,0.5699993553054997,0.5868094053422596,0.5968954353643154,0.5767233753202037,0.5078021701694885,0.6274281698770892,0.5867842428994711,0.5359787985714316,0.657910579504286,0.5292044536711508,0.5817024130122268,0.6799261292181652,0.5783173829861535,0.5800098979991902,0.6104944500504541,0.6375896872275104,0.6071051351762465,0.6155741375136312,0.6460565471408279,0.6629924093915301,0.6148949890843494,0.5604988420197917,0.5901714153496115,0.5604988420197917,0.5819230826911418,0.6297377030214607,0.5786323193240224,0.527526935626584,0.527526935626584,0.514338173069301,0.5901714153496115,0.5819230826911418,0.5571995089564038,0.4648824559035567,0.5786237496277539,0.5720379380453808,0.557201651380471,0.5736876045770748,0.5621463661274185,0.5077459342147266,0.596765796628253,0.5456604129308147,0.5324737927975988,0.5654435567667393,0.4912599810181228,0.5077459342147266,0.6692997058451756,0.5786323193240224,0.5835791764950371,0.5802798434316492,0.6297355605973936,0.6017105113752006,0.557201651380471,0.6264383699580728,0.5852245581785968,0.6462215137939974,0.44839864513101996,0.6280880364897667,0.5637938902350454,0.58357703407097,0.6346824177684083,0.5126906489616743,0.555551984848777,0.7006219457066892,0.6066573685462153,0.6148992739324837,0.6083048926538421,0.5341213169052256,0.5951182725206262,0.555551984848777,0.5571995089564039,0.5637938902350453,0.6627074669906012
720,0.5563018332722742,0.598638275262929,0.6223292005973079,0.5935585877997519,0.5596890057224148,0.6189655948119058,0.5884789003365748,0.5529146608221338,0.6087997926133503,0.5749302105360131,0.5850917278864344,0.5850895854623672,0.5901714153496115,0.5596890057224146,0.7002491639190078,0.5884789003365748,0.5833970704493306,0.6037201051501733,0.5901714153496115,0.6087890804930146,,0.5681558656357322,0.6020275901371366,0.598638275262929,0.5833970704493306,0.6003329327000327,0.6071051351762465,0.5901714153496115,0.6003329327000329,0.5004167014810578,0.5817024130122268,0.5901714153496115,0.5173504213076928,0.6037179627261061,0.49702952903091735,0.6714592693048477,0.5681558656357322,0.5546071758351705,0.5410584860346087,0.6392843446646143,0.6240431398510158,0.5901714153496115,0.18711717559950386,0.6054126201632098,0.5715430380858726,0.5884767579125076,0.5935585877997519,0.5647686931855918,0.6240409974269487,0.5969436178258253,0.598638275262929,0.6071051351762465,0.5766248679731169,0.615528347087259,0.5884809532337684,0.5191720064841984,0.5986237259288274,0.625671119782318,0.5952144303606394,0.630515535437835,0.5750423703165276,0.5884904103459355,0.6422825704635668,0.6206559674008754,0.5613815207354513,0.63420251477737,0.5325916261212912,0.6104944500504541,0.5664633506226956,0.5427531434717126,0.5952511028127886,0.5698483806487689,0.5444456584847491,0.5647686931855918,0.5563018332722742,0.5800098979991902,0.5681558656357322,0.5935585877997519,0.5769740830960599,0.6231433217428192,0.6115956560209614,0.6726118934529662,0.6412682293507812,0.5407156981838671,0.6429243231546766,0.6148992739324837,0.6099545591855361,0.6528158950726389,0.6214936552111252,0.572025083500978,0.5852224157545296,0.6363406539963707,0.606668080666551,0.58357703407097,0.6000608448435066,0.649516562009251,0.7138107082639723,0.5951161300965591,0.5407156981838671,0.5852267006026639,0.5637960326591125,0.4698293130745714,0.6379774659836619,0.5852267006026639,0.570390413937754,0.5604966995957246,0.6478690379016242,0.5901714153496115,0.6396271325153559,0.6264383699580728,0.5984133207358798,0.5918210818813054,0.5110431248540473,0.5390660316521733,0.6148992739324837,0.5225822208796366,0.6330348936607814,0.6083048926538421,0.609954559185536,0.46817964654287736,0.6050077020145214,0.44839864513102,0.6033601779068944,0.5341213169052256,0.557201651380471,0.6824884684024587,0.4698293130745714,0.6330327512367143,0.6132517498248569,0.664354991098228,0.515987839600995
740,0.598638275262929,0.6071072776003137,0.5597061451149518,0.5766227255490497,0.5918639303626482,0.5918639303626482,0.5969457602498923,0.5783152405620864,0.5783173829861535,0.5833970704493306,,0.5986404176869962,0.5884767579125076,0.5833970704493306,0.5596890057224146,0.5969457602498923,0.617268794950735,0.581704555436294,0.5783173829861535,0.568168720180135,,0.6138794800765274,0.5969436178258253,0.5901714153496115,0.5918660727867153,0.6037201051501733,0.5918660727867153,0.5766248679731169,0.5850917278864344,0.5850895854623672,0.5986404176869962,0.6087997926133504,0.6392822022405471,0.5579943482853109,0.7629086406105052,0.5258172812210103,0.6308153423272296,0.5918639303626482,0.6274281698770892,0.5783152405620864,0.6223463399898449,0.5800098979991902,,0.6054126201632098,0.6087997926133504,0.5850917278864344,0.5901714153496115,0.5952511028127886,0.5850917278864344,0.6020275901371366,0.6003329327000327,0.5681558656357322,0.610492307626387,0.5326957034109437,0.546219400337689,0.6222901955506317,0.6138378849714159,0.5783381805387093,0.5531893052687399,0.5313362402209522,0.5279742302136002,0.6069814653863713,0.5178882001915444,0.5393659710215721,0.5884789003365749,0.5258172812210103,0.5952532452368557,0.5766227255490498,0.6494437195909684,0.6799282716422324,0.6020275901371366,0.6274281698770892,0.6528308920411089,0.605414762587277,0.622348482413912,0.5884789003365748,0.6206559674008755,0.5901714153496115,0.5967700814763873,0.6165446556160433,0.5951204149446934,0.5044316041828688,0.5736961742733433,0.6198439886794312,0.501151552936085,0.5901714153496115,0.6594081339272133,0.6330327512367143,0.670940802680601,0.5522719336019933,0.6561152281360267,0.6000479902991038,0.5918210818813054,0.5852245581785968,0.5670932232984333,0.5769847952163956,0.4533433598779676,0.6264405123821398,0.6346824177684083,0.6478690379016242,0.5637938902350453,0.6857856590417795,0.596765796628253,0.6000608448435066,0.4714768371821982,0.6379796084077289,0.6280880364897667,0.6297355605973936,0.5209346967720097,0.557201651380471,0.5885238912419847,0.5588491754880978,0.6692997058451756,0.5621485085514856,0.5604988420197917,0.5852245581785968,0.6247887034263788,0.5918210818813054,0.514338173069301,0.7039191363460101,0.5374185075445463,0.596765796628253,0.5225822208796366,0.557201651380471,0.5588491754880978,0.4714768371821981,0.6561109432878925,0.6066573685462152,0.4385070732130576,0.6280880364897667,0.5456604129308147
760,0.5986404176869962,0.5783173829861535,0.5850724460698302,0.5969457602498923,0.5681558656357322,0.5546071758351705,0.598638275262929,0.5800120404232573,0.5884789003365748,0.6172666525266678,,0.5867842428994711,0.5715430380858726,0.6172666525266678,0.49194769914367315,0.598638275262929,0.6054126201632098,0.5800098979991901,0.6121869650634908,0.5291980263989494,,0.5647708356096589,0.5884789003365748,0.6037201051501733,0.5783152405620864,0.5817024130122268,0.6087997926133504,0.5850895854623672,0.5817024130122268,0.6020254477130694,0.5783173829861535,0.6071072776003137,0.6545255494782126,0.5376734560085354,0.5579943482853109,0.6071072776003137,0.5732376955229764,0.5393659710215721,0.569850523072836,0.546140315921853,0.5630761781725551,0.498722044043954,,0.5783173829861535,0.5766227255490497,0.5783152405620864,0.5867842428994711,0.5647686931855918,0.5952511028127886,0.5783152405620864,0.5800098979991902,0.5935585877997519,0.5783173829861535,0.6577898999833383,0.5766477184228661,0.5918618774654547,0.5496003245693755,0.6036951122763569,0.5565513152760919,0.6153864904047511,0.6641356355113547,0.4825870951143487,0.6943937255775223,0.5529146608221338,0.5867842428994711,0.5952532452368557,0.5901714153496115,0.5800098979991901,0.4665449769796534,0.4733193218799343,0.5613815207354513,0.5495274883719934,0.5495274883719934,0.49533487159381356,0.5376713135844683,0.5884767579125076,0.5495274883719934,0.55122000338503,0.6148949890843494,0.5852224157545296,0.6346695632240055,0.6478883197182284,0.6412682293507812,0.6264383699580728,0.5670910808743661,0.5604988420197917,0.6330327512367143,0.4846655997394813,0.6412896535914526,0.6198439886794312,0.5193000272087857,0.6017190810714691,0.5951204149446934,0.6083048926538421,0.5868742247102907,0.6066552261221482,0.6857856590417793,0.5951161300965591,0.6033580354828274,0.5440128888231879,0.5687407474060601,0.596765796628253,0.6346824177684083,0.5555541272728441,0.6824884684024586,0.5868742247102907,0.5258772690948901,0.5885238912419847,0.6758940871238172,0.5604988420197917,0.6198439886794312,0.6594102763512805,0.570390413937754,0.6000608448435066,0.5868742247102907,0.5852267006026639,0.5176375061326889,0.5868742247102907,0.6445739896863706,0.43850707321305765,0.5852267006026639,0.5736876045770748,0.6758940871238172,0.5951161300965591,0.6280880364897667,0.5341213169052256,0.596765796628253,0.6692997058451756,0.6330327512367143,0.557201651380471,0.7286491373529493
780,,,,,,,,,,,,,,,,,,,,,,,,,,,,,,,,,,,,,,,,,,,,0.5647686931855918,0.5884789003365748,0.5783173829861535,0.5766227255490497,0.5630761781725552,0.5833992128733978,0.6104944500504541,0.5715430380858726,0.5732376955229764,0.5850895854623672,0.5665049457278071,0.5631240214961207,0.5580526351485913,0.5952428016971409,0.5918618774654546,0.5952144303606394,0.6557306104929748,0.5531893052687399,0.6473255854745948,0.5262932252099242,0.5495274883719934,0.6003329327000329,0.6020254477130694,0.5376713135844683,0.5529146608221338,0.5969457602498923,0.5918639303626481,0.5732355530989093,0.339533508583622,0.6003329327000327,0.5207375937578332,0.6240431398510159,0.5258194236450775,0.6494437195909684,0.5275119386581142,0.6033687476031631,0.5604988420197917,0.5786451738684252,0.5110302703096445,0.6528158950726389,0.5440128888231879,0.6462215137939974,0.5852267006026639,0.5918210818813054,0.6561130857119597,0.5176289364364204,0.6181943221477373,0.669291136148907,0.6923864675926223,0.626442654806207,0.596765796628253,0.6148992739324837,0.5192850302403157,0.5126906489616743,0.7006219457066893,0.5473100794625086,0.596765796628253,0.6181964645718044,0.6264383699580728,0.6033580354828274,0.6050077020145214,0.5456625553548818,0.6148992739324837,0.6561130857119596,0.6066573685462153,0.5637960326591125,0.6198439886794312,0.6132517498248569,0.6396271325153559,0.5027990770437119,0.5885238912419847,0.596765796628253,0.5918189394572383,0.6462215137939974,0.6083048926538421,0.6660025152058549,0.5753351286847016,0.5654435567667393,0.6148992739324837,0.6165467980401105,0.7072163269853309,0.6214936552111252,0.6561130857119597,0.6610578004589072,0.5374185075445463,0.5703882715136869,0.5786323193240224,0.6412746566229827
800,,,,,,,,,,,,,,,,,,,,,,,,,,,,,,,,,,,,,,,,,,,,0.6206538249768083,0.5715430380858726,0.5613815207354513,0.6138794800765274,0.6274281698770892,0.5647686931855918,0.5529146608221338,0.5783173829861535,0.5935585877997519,0.5918660727867153,0.5529812488010617,0.5867904911179251,0.5614335593802776,0.5445289382218459,0.5698858699594934,0.554870310272416,0.5330172452246281,0.5901714153496115,0.6271535254304831,0.6103434753937232,0.563074035748488,0.5800098979991901,0.5732355530989093,0.6003329327000329,0.6325099997643334,0.6426693746906875,0.63420251477737,0.622348482413912,0.5901714153496115,0.6325099997643334,0.7866167053374211,0.5342841411343279,0.6494437195909684,0.5376734560085354,0.6240409974269486,0.5654478416148736,0.6165446556160433,0.5588491754880978,0.527526935626584,0.6033687476031631,0.598415463159947,0.5786323193240224,0.5852245581785968,0.5588491754880978,0.5374185075445463,0.507752361486928,0.5819230826911418,0.5044530284235401,0.5143296033730325,0.5802734161594478,0.5901714153496115,0.5934686059889323,0.6313852271290874,0.6693018482692428,0.49125998101812274,0.666004657629922,0.5341213169052256,0.5588491754880978,0.6099545591855361,0.6214936552111252,0.6083048926538421,0.6495187044333182,0.5802798434316492,0.6132517498248569,0.5918189394572383,0.5786301768999552,0.6099545591855361,0.5357688410128525,0.6627053245665341,0.6627074669906011,0.6643549910982279,0.6083048926538421,0.5885238912419847,0.5670910808743661,0.5522547942094562,0.515987839600995,0.6742465630161902,0.596765796628253,0.5984133207358798,0.598415463159947,0.4929096475498167,0.6148992739324837,0.5176375061326889,0.5242297449872634,0.5390681740762403,0.6676521817375488,0.6330327512367143,0.6412746566229827
820,,,,,,,,,,,,,,,,,,,,,,,,,,,,,,,,,,,,,,,,,,,,,,,,,,,,,,,,,,,,,,,,,,,,,,,,,,,,,,,0.5901714153496115,0.5637981750831796,0.6049969898941857,0.6396399870597587,0.5225779360315023,0.5341213169052256,0.6280880364897667,0.6198461311034984,0.5703882715136869,0.5621463661274186,0.6560938038953554,0.5423739344118297,0.6429178958824752,0.6528158950726389,0.6198439886794312,0.5539044607411502,0.6017105113752006,0.6692997058451756,0.4500461692386467,0.6610578004589073,0.5291744597342108,0.6346824177684083,0.6198461311034983,0.5736854621530076,0.4385070732130577,0.623141179318752,0.5440128888231879,0.6808409442948318,0.6099524167614689,0.5819295099633431,0.6066573685462152,0.5539023183170831,0.6577606098195865,0.4648845983276238,0.651166228540945,0.5720379380453808,0.6412767990470497,0.529176602158278,0.5176375061326889,0.6379796084077289,0.5242297449872633,0.5918189394572383,0.6165467980401105,0.5440128888231879,0.47312650371389214,0.6000608448435066,0.6083048926538421,0.6676500393134817,0.664354991098228,0.6181964645718044,0.5242318874113304,0.5225822208796366,0.5456625553548818
840,,,,,,,,,,,,,,,,,,,,,,,,,,,,,,,,,,,,,,,,,,,,,,,,,,,,,,,,,,,,,,,,,,,,,,,,,,,,,,,0.572025083500978,0.5901714153496115,0.6247929882745131,0.5374035105760764,0.6379688962873933,0.624790845850446,0.5539023183170831,0.5654435567667393,0.5390681740762403,0.5670932232984333,0.5720465077416493,0.6330198966923115,0.6165446556160433,0.5901714153496115,0.5357752682850538,0.5604988420197917,0.58357703407097,0.47642369435321297,0.6396271325153559,0.5341213169052256,0.6000629872675738,0.6429243231546766,0.5934686059889323,0.5901714153496115,0.70391913634601,0.4995040288284583,0.5951161300965591,0.4434517879600053,0.5588491754880978,0.6132496074007897,0.5951161300965591,0.6280880364897667,0.5588491754880978,0.6445718472623034,0.5192850302403157,0.6000629872675738,0.570388271513687,0.6627053245665341,0.6445718472623034,0.5934686059889323,0.6313852271290875,0.5506072701018294,0.6198439886794312,0.6808388018707647,0.649516562009251,0.4879649328028691,0.5670910808743662,0.6033601779068946,0.5588513179121649,0.6148971315084166,0.6692997058451756,0.5687407474060601,0.5885217488179175
860,,,,,,,,,,,,,,,,,,,,,,,,,,,,,,,,,,,,,,,,,,,,,,,,,,,,,,,,,,,,,,,,,,,,,,,,,,,,,,,0.6099674137299389,0.5951204149446934,0.6165446556160433,0.6445889866548404,0.5160006941453977,0.5852245581785968,0.5736876045770748,0.6066552261221482,0.5819295099633431,0.6478690379016242,0.6330413209329828,0.6214936552111252,0.5901714153496115,0.529176602158278,0.6115956560209614,0.5769826527923284,0.5670932232984333,0.6363299418760351,0.5918189394572383,0.6017126537992677,0.5060962676830327,0.6148992739324837,0.6462193713699302,0.5753351286847016,0.5604988420197917,0.5753329862606344,0.6066573685462153,0.6330327512367143,0.5357709834369195,0.5192850302403157,0.5324737927975988,0.5753351286847016,0.5225822208796365,0.5522547942094562,0.5654435567667393,0.5407156981838671,0.6462215137939974,0.5077459342147266,0.5637960326591125,0.5539023183170831,0.6660025152058549,0.6396271325153559,0.5654435567667393,0.5143403154933681,0.6066573685462153,0.6313830847050204,0.5357709834369195,0.6594102763512805,0.5571995089564038,0.5192850302403157,0.6033601779068944,0.7138085658399053,0.5819295099633431
880,,,,,,,,,,,,,,,,,,,,,,,,,,,,,,,,,,,,,,,,,,,,,,,,,,,,,,,,,,,,,,,,,,,,,,,,,,,,,,,0.552250509361322,0.5341256017533599,0.5703968412099554,0.5374035105760764,0.5918210818813054,0.5440128888231879,0.5753329862606344,0.5275290780506512,0.5571995089564038,0.5819295099633431,0.4912556961699885,0.5621485085514857,0.5852224157545296,0.5835727492228356,0.5225779360315022,0.6148992739324837,0.5687407474060601,0.5918210818813054,0.637979608407729,0.5687407474060601,0.5951182725206262,0.514338173069301,0.5176375061326889,0.6214936552111252,0.5670932232984333,0.6033601779068946,0.6462193713699302,0.637979608407729,0.637979608407729,0.598415463159947,0.58357703407097,0.58357703407097,0.692380040320421,0.6083048926538421,0.6429243231546766,0.5753329862606344,0.502799077043712,0.555551984848777,0.6445718472623034,0.5835791764950371,0.5473100794625086,0.6824884684024586,0.6742465630161903,0.527526935626584,0.6214936552111252,0.6181964645718044,0.6099545591855361,0.5242297449872633,0.6742465630161903,0.5769847952163956,0.5258794115189573,0.5275290780506512,0.58357703407097
900,,,,,,,,,,,,,,,,,,,,,,,,,,,,,,,,,,,,,,,,,,,,,,,,,,,,,,,,,,,,,,,,,,,,,,,,,,,,,,,0.5539001758930159,0.6181943221477373,0.6214936552111252,0.6033687476031631,0.6066466564258797,0.7006219457066893,0.5489597459942026,0.6791912777631379,0.5918210818813054,0.5604966995957246,0.6000694145397751,0.5687471746782615,0.5143510276137038,0.6445675624141691,0.6528158950726389,0.5687407474060601,0.5885217488179175,0.5506051276777624,0.5951161300965591,0.5703882715136869,0.6280880364897667,0.5555541272728441,0.6264383699580728,0.5703882715136869,0.5654435567667393,0.6363299418760351,0.529176602158278,0.5126906489616742,0.5110409824299802,0.6083048926538421,0.5819295099633431,0.5835770340709701,0.4813684091001605,0.6017126537992677,0.5341213169052256,0.6478711803256914,0.666004657629922,0.6808409442948319,0.5885238912419847,0.5885217488179175,0.6445739896863706,0.4253204530798418,0.5489576035701355,0.6610578004589073,0.6660025152058549,0.596765796628253,0.5901714153496115,0.5868742247102908,0.5357709834369195,0.5703882715136869,0.5687407474060601,0.6099524167614689,0.6017105113752006
920,,,,,,,,,,,,,,,,,,,,,,,,,,,,,,,,,,,,,,,,,,,,,,,,,,,,,,,,,,,,,,,,,,,,,,,,,,,,,,,0.6610642277311086,0.5951204149446934,0.5786237496277539,0.6132453225526554,0.6544655616043329,0.5060984101070998,0.6445718472623034,0.501151552936085,0.6017105113752006,0.555551984848777,0.5423525101711583,0.6148949890843494,0.651166228540945,0.5967700814763873,0.5951204149446934,0.6214936552111252,0.596765796628253,0.5555541272728441,0.5835770340709701,0.6412746566229827,0.6709472299528024,0.651166228540945,0.5918210818813054,0.6561130857119597,0.5604966995957246,0.5110431248540473,0.6033601779068946,0.6478690379016242,0.6033601779068946,0.6033580354828274,0.5588491754880978,0.5918210818813054,0.6181964645718044,0.5736854621530076,0.5885217488179175,0.58357703407097,0.5885217488179175,0.5753329862606344,0.623141179318752,0.6083048926538421,0.5027990770437119,0.5984133207358798,0.5802819858557163,0.5588491754880978,0.6313852271290875,0.5736854621530076,0.5885217488179175,0.6066573685462152,0.6148992739324837,0.5506072701018294,0.6940275644280478,0.6297377030214606,0.5637960326591125
940,,,,,,,,,,,,,,,,,,,,,,,,,,,,,,,,,,,,,,,,,,,,,,,,,,,,,,,,,,,,,,,,,,,,,,,,,,,,,,,0.573674750032672,0.5885217488179175,0.5209282694998083,0.6231433217428192,0.5637981750831796,0.6148992739324837,0.5192850302403157,0.621491512787058,0.5984133207358798,0.5918210818813054,0.5786237496277539,0.5654478416148736,0.553900175893016,0.6165446556160433,0.527526935626584,0.6791912777631379,0.5934686059889323,0.6033580354828274,0.6148992739324837,0.4467511210233931,0.5209346967720097,0.5390660316521731,0.6742444205921232,0.5901714153496115,0.6050077020145214,0.6841359925100855,0.5753351286847016,0.5951182725206262,0.5918189394572383,0.5604988420197917,0.6396271325153559,0.5209325543479425,0.6165489404641776,0.6066573685462153,0.502801219467779,0.5753351286847016,0.58357703407097,0.5456625553548818,0.0,0.5868742247102907,0.0807779570272581,0.6280880364897667,0.5703882715136869,0.5670932232984333,0.5687407474060601,0.6346824177684083,0.6544634191802657,0.6412746566229827,0.5390660316521731,0.6066573685462153,0.5077459342147266,0.5324716503735317,0.6330327512367143
